timestamp,temp_c,icm_temp_c,pressure,raw_pres,humidity,raw_humidity,eco2,tvoc,raw_H2,raw_Eth,baseline_eco2,baseline_tvoc
2026-03-09 20:26:00.551949,25.01793977865018,26.70701171114506,1000.0893354606624,817.4938814359779,38.066681498528325,31.36321019611136,722.4,38765.2,13366.2,23056.0,36901.0,42429.0
2026-03-09 20:26:30.552950,25.020058087486355,26.755862094286254,1000.006211869298,817.4999825524835,38.11614035779996,31.41307037303848,728.9354838709677,34482.32258064516,13361.193548387097,19204.032258064515,36901.0,42429.0
2026-03-09 20:27:00.553132,25.03809681566406,26.83624880072115,1000.0829830030043,817.5118477492393,38.051285867182166,31.347710411105727,731.3548387096774,29624.709677419356,13360.870967741936,19274.290322580644,36901.0,42429.0
2026-03-09 20:27:30.565467,25.043723575552107,26.89653883054733,1000.0104062535657,817.496896482237,37.970594535679034,31.2675354224637,735.2903225806451,26031.064516129034,13358.258064516129,19325.709677419356,36901.0,42429.0
2026-03-09 20:28:00.555839,25.014596822389002,26.916635507156045,999.9843806139802,817.4919492357769,38.193032627094404,31.490328967711893,739.5806451612904,23431.451612903227,13354.09677419355,19365.870967741936,36901.0,42429.0
2026-03-09 20:28:30.559361,24.95899122718425,26.918181405356723,999.9348832939654,817.4582617759656,38.26639729318229,31.567669581175778,743.6129032258065,21212.870967741936,13352.516129032258,19397.387096774193,36901.0,42429.0
2026-03-09 20:29:00.552494,24.902061726360003,26.986200926186253,999.91229496194,817.4482414007675,38.371167715614384,31.674808413435283,744.0967741935484,18775.064516129034,13348.516129032258,19432.74193548387,36901.0,42429.0
2026-03-09 20:29:30.554343,24.89511103136371,27.038761465009067,999.91640121089,817.4591941380559,38.4085406818783,31.706752744322287,748.7096774193549,17171.967741935485,13346.290322580646,19456.225806451614,36901.0,42429.0
2026-03-09 20:30:00.554238,24.881209650618633,27.035669668607728,999.9299876408519,817.4604445552972,38.29204935790529,31.587892454771556,751.9677419354839,16061.612903225807,13344.612903225807,19482.612903225807,36901.0,42429.0
2026-03-09 20:30:30.555201,24.776121880444173,27.027940177604368,999.9064194979259,817.4593717496678,38.36356713399445,31.65867343568766,754.5483870967741,15518.161290322581,13342.451612903225,19502.548387096773,36901.0,42429.0
2026-03-09 20:31:00.558090,24.734748770122327,27.02021068660101,999.9153503138268,817.4630197619597,38.503119308583706,31.804556998517533,750.7741935483871,14947.709677419354,13344.0,19528.74193548387,36901.0,42429.0
2026-03-09 20:31:30.557168,24.77132259415286,27.126877662447317,999.9284612004043,817.46075446756,38.44420763125607,31.73896136306848,749.1290322580645,14443.677419354839,13346.0,19555.516129032258,36901.0,42429.0
2026-03-09 20:32:00.557457,24.739051576604272,27.097505596634566,999.9351471222847,817.4577503617082,38.20709620242307,31.505134595921593,752.6774193548387,14001.09677419355,13343.870967741936,19575.1935483871,36901.0,42429.0
2026-03-09 20:32:30.561312,24.681791224310384,27.11914817144396,999.9276881374664,817.4648802661972,38.648205963545905,31.94750293193076,753.2903225806451,13679.451612903225,13342.806451612903,19589.129032258064,36901.0,42429.0
2026-03-09 20:33:00.555283,24.761393052220697,27.10832688403927,999.9745868968835,817.4821328256355,38.613950181865796,31.909602103958473,750.6451612903226,13139.064516129032,13346.09677419355,19613.645161290322,36901.0,42429.0
2026-03-09 20:33:30.570935,24.849600558587905,27.1655251174641,999.9241770209,817.461347917243,38.30742320649502,31.60055055629469,743.3870967741935,12691.709677419354,13349.741935483871,19633.74193548387,36901.0,42429.0
2026-03-09 20:34:00.556823,24.92026592279698,27.26291670410638,999.9414227225113,817.4674774273328,38.17923838908262,31.474390949065587,748.9677419354839,12402.354838709678,13345.677419354839,19645.0,36901.0,42429.0
2026-03-09 20:34:30.551964,24.961473618354272,27.27373799151108,999.9508330973433,817.4736242549458,38.10266495372261,31.401047321808363,750.9032258064516,12150.0,13345.09677419355,19656.451612903227,36901.0,42429.0
2026-03-09 20:35:00.550208,24.95121306545409,27.26755439870839,999.9813207802844,817.4783382328385,38.17276191427468,31.47132870920042,749.3225806451613,11942.677419354839,13348.193548387097,19666.967741935485,36901.0,42429.0
2026-03-09 20:35:30.552212,24.99324824276658,27.2938346681198,999.9717499437687,817.4713947414677,38.04357741714912,31.336549178320347,746.258064516129,11512.322580645161,13349.41935483871,19685.0,36901.0,42429.0
2026-03-09 20:36:00.555428,25.024360902783943,27.320114937531212,999.9635131016485,817.4814065285125,38.11928223762511,31.418952752291105,745.5806451612904,11294.806451612903,13349.290322580646,19693.774193548386,36901.0,42429.0
2026-03-09 20:36:30.555226,25.028829211783183,27.35721649434732,1000.0126542878525,817.4992991870278,38.03030514304122,31.324900372569406,752.2258064516129,11229.612903225807,13344.677419354839,19699.612903225807,36901.0,42429.0
2026-03-09 20:37:00.558293,25.024029916976655,27.3262985303339,1000.0081446855855,817.510620013434,37.97965873762819,31.27570314526813,751.5806451612904,11104.935483870968,13344.709677419354,19703.225806451614,36901.0,42429.0
2026-03-09 20:37:30.554237,25.018403158149486,27.38195086555806,999.9809037045073,817.5004927568023,38.064395678115076,31.36711572825599,757.8064516129032,11090.41935483871,13339.483870967742,19705.870967741936,36901.0,42429.0
2026-03-09 20:38:00.560228,25.022705973860162,27.406685236768798,999.9839490761502,817.4842258879372,38.09054158923325,31.38748951760004,756.1612903225806,11068.645161290322,13340.774193548386,19707.870967741936,36901.0,42429.0
2026-03-09 20:38:30.556244,25.034455971192425,27.415960625972826,1000.0050657089301,817.4949430549995,38.0575315934277,31.35481491308201,751.1935483870968,10706.838709677419,13341.838709677419,19723.25806451613,36901.0,42429.0
2026-03-09 20:39:00.559257,25.02882921195217,27.434511404380878,999.9989979614576,817.4894765912289,38.076835289406766,31.376666429248722,752.1935483870968,10545.322580645161,13343.290322580646,19729.677419354837,36901.0,42429.0
2026-03-09 20:39:30.561976,25.061431323104884,27.42059832057484,999.9651734885989,817.4806414797446,38.027390374180825,31.32052980358053,754.1612903225806,10411.483870967742,13341.870967741936,19739.290322580644,36901.0,42429.0
2026-03-09 20:40:00.552138,25.065237661456546,27.457699877390944,1000.0036928145304,817.4917190809527,38.06242635951202,31.362780224273276,755.8387096774194,10237.451612903225,13341.064516129032,19743.709677419356,36901.0,42429.0
2026-03-09 20:40:30.553342,25.047198929889653,27.471612961196985,999.9994191370105,817.4899348714536,38.02944021777348,31.331803946457846,756.0,10132.09677419355,13342.064516129032,19747.612903225807,36901.0,42429.0
2026-03-09 20:41:00.558302,25.010128513511813,27.4546080809896,999.98555114182,817.495386672172,38.14277960161939,31.440092731734655,754.483870967742,9966.935483870968,13341.451612903225,19758.290322580644,36901.0,42429.0
2026-03-09 20:41:30.549488,25.006984148577285,27.428327811578196,1000.0167954310517,817.489592759338,38.13192616466312,31.432312450505194,754.0322580645161,9759.935483870968,13342.322580645161,19765.677419354837,36901.0,42429.0
2026-03-09 20:42:00.549692,25.00681865595529,27.3850426619594,1000.021104976011,817.4968150878327,38.136794144723304,31.43575784606431,755.8064516129032,9567.935483870968,13342.774193548386,19775.870967741936,36901.0,42429.0
2026-03-09 20:42:30.552323,24.98762148384553,27.40977703317014,1000.0665945475338,817.5192242292006,38.2169808931013,31.515732285747625,753.8064516129032,9269.774193548386,13342.90322580645,19785.548387096773,36901.0,42429.0
2026-03-09 20:43:00.547636,24.9758714925218,27.415960625972826,1000.1005467493634,817.5065943036926,38.2281138469407,31.526120545872274,754.3548387096774,9191.354838709678,13343.677419354839,19795.483870967742,36901.0,42429.0
2026-03-09 20:43:30.555256,24.953860950560475,27.434511404380878,1000.0883617061502,817.5193874751775,38.308926467466875,31.60769840753456,753.2258064516129,9075.806451612903,13342.322580645161,19799.129032258064,36901.0,42429.0
2026-03-09 20:44:00.555262,24.951378557738103,27.44997038638759,1000.0645322387317,817.5123484038266,38.31074523303989,31.606395875901843,754.3870967741935,8960.645161290322,13342.387096774193,19802.354838709678,36901.0,42429.0
2026-03-09 20:44:30.554956,24.962135589199004,27.490163739605038,1000.0861109719297,817.5204308900933,38.28756940984297,31.585027564456468,754.8709677419355,8756.322580645161,13341.838709677419,19814.064516129034,36901.0,42429.0
2026-03-09 20:45:00.549058,24.946248281743348,27.446878589986248,1000.1075858445769,817.537299225542,38.2649939618216,31.562477747835235,756.7741935483871,8758.58064516129,13339.516129032258,19813.709677419356,36901.0,42429.0
2026-03-09 20:45:30.554937,24.929699006653767,27.47315885939766,1000.1162217475226,817.5315938464134,38.30930994288038,31.61186994142529,755.9032258064516,8599.032258064517,13342.258064516129,19817.967741935485,36901.0,42429.0
2026-03-09 20:46:00.553970,24.91497015382347,27.47470475759833,1000.1097400906474,817.5302159940301,38.34904159143949,31.646155487291452,756.9677419354839,8448.741935483871,13341.387096774193,19824.032258064515,36901.0,42429.0
2026-03-09 20:46:30.555424,24.929037035799645,27.437603200782217,1000.1141139423512,817.5292472751695,38.36724965779131,31.66890466956609,756.6129032258065,8471.935483870968,13342.58064516129,19826.451612903227,36901.0,42429.0
2026-03-09 20:47:00.553748,24.967927837446744,27.485526045003024,1000.0948389475909,817.52743868583,38.35372594180512,31.64994003733395,754.0322580645161,8257.290322580646,13340.741935483871,19833.290322580644,36901.0,42429.0
2026-03-09 20:47:30.553210,24.981332755994966,27.488617841404366,1000.105247778844,817.520094024512,38.33376046878117,31.633029736101406,756.0322580645161,8158.967741935484,13342.129032258064,19837.129032258064,36901.0,42429.0
2026-03-09 20:48:00.553308,24.988945426971412,27.504076823411083,1000.1082963503305,817.5301841948061,38.36095725807366,31.661166713860226,759.6774193548387,8035.225806451613,13339.58064516129,19844.129032258064,36901.0,42429.0
2026-03-09 20:48:30.553056,24.98497359844811,27.48088835040101,1000.1025093679228,817.5313868258169,38.306866988845634,31.603273221274502,755.4516129032259,8101.967741935484,13339.193548387097,19841.16129032258,36901.0,42429.0
2026-03-09 20:49:00.555519,24.975044030294335,27.497893230608394,1000.0880871228643,817.5289905614238,38.25381424841317,31.549647851560138,752.1935483870968,7808.645161290323,13343.161290322581,19855.548387096773,36901.0,42429.0
2026-03-09 20:49:30.555478,24.953364471558505,27.513352212615107,1000.1218986592263,817.5337191875493,38.321059452189644,31.618368019641846,753.3225806451613,7800.903225806452,13344.612903225807,19855.032258064515,36901.0,42429.0
2026-03-09 20:50:00.557122,24.97206515769076,27.487071943203695,1000.157271039665,817.5601780117208,38.2989410152543,31.598377270087422,752.9354838709677,7723.548387096775,13342.387096774193,19860.774193548386,36901.0,42429.0
2026-03-09 20:50:30.551098,24.994737676702506,27.51489811081578,1000.1981323599226,817.5635093598191,38.30783624675079,31.60133042100018,751.9354838709677,7581.645161290323,13344.41935483871,19864.645161290322,36901.0,42429.0
2026-03-09 20:51:00.555703,25.006984149243856,27.525719398220478,1000.2118295928303,817.5802049712348,38.2172893318042,31.514361148977127,757.4193548387096,7540.580645161291,13338.806451612903,19865.516129032258,36901.0,42429.0
2026-03-09 20:51:30.554548,25.05150174598525,27.521081703618467,1000.2328822565883,817.579092269644,38.21393507602356,31.514506353950228,756.0967741935484,7476.935483870968,13342.354838709678,19870.225806451614,36901.0,42429.0
2026-03-09 20:52:00.551803,25.08989612020049,27.513352212615107,1000.2265037645586,817.5860732397056,38.15397621464754,31.451672486423956,752.6774193548387,7395.451612903225,13343.774193548386,19873.354838709678,36901.0,42429.0
2026-03-09 20:52:30.552594,25.098998237186255,27.504076823411083,1000.2421983361893,817.5835153615366,38.18142345838785,31.480910992573655,755.5483870967741,7299.935483870968,13341.193548387097,19878.1935483871,36901.0,42429.0
2026-03-09 20:53:00.554629,25.107769369228457,27.53190299102316,1000.2595551883838,817.5866436775751,38.20639456708085,31.50333136368998,754.4516129032259,7278.032258064516,13341.838709677419,19878.1935483871,36901.0,42429.0
2026-03-09 20:53:30.552791,25.073843302472774,27.508714518013093,1000.2852024913179,817.5921710386575,38.17892615828686,31.471380710991927,755.0322580645161,7316.419354838709,13340.129032258064,19875.709677419356,36901.0,42429.0
2026-03-09 20:54:00.560541,25.02220949544027,27.51489811081578,1000.2394775046561,817.6012670250917,38.213680643687546,31.51190288776515,758.7741935483871,7268.548387096775,13339.548387096775,19880.967741935485,36901.0,42429.0
2026-03-09 20:54:30.558660,25.015258793299456,27.500985027009737,1000.2953595105807,817.6102024723049,38.2442893581498,31.5385124634088,756.0,7147.612903225807,13340.838709677419,19883.483870967742,36901.0,42429.0
2026-03-09 20:55:00.558944,25.015424286268818,27.53035709282249,1000.28728878415,817.6140526703872,38.22615308852905,31.527097927802718,755.8064516129032,7047.677419354839,13341.41935483871,19892.41935483871,36901.0,42429.0
2026-03-09 20:55:30.556592,24.988117962978937,27.5458160748292,1000.3002906595184,817.623908642462,38.32639473027459,31.62320317233916,757.7741935483871,7046.967741935484,13338.741935483871,19892.8064516129,36901.0,42429.0
2026-03-09 20:56:00.554897,24.980008813376056,27.564366853237257,1000.348380220908,817.6188381068862,38.338815624551906,31.63611627712918,758.0,7064.193548387097,13339.41935483871,19893.8064516129,36901.0,42429.0
2026-03-09 20:56:30.554429,25.03263555078264,27.565912751437928,1000.3502374275657,817.6207873619572,38.23829292489374,31.532907239332776,758.3225806451613,7007.774193548387,13340.354838709678,19899.354838709678,36901.0,42429.0
2026-03-09 20:57:00.558262,25.044551040530354,27.559729158635243,1000.3795114570038,817.6496156889767,38.31674690848185,31.619144496093625,759.2258064516129,6953.451612903225,13337.806451612903,19899.387096774193,36901.0,42429.0
2026-03-09 20:57:30.559039,25.077153158611655,27.54427017662853,1000.4004311896,817.658970424566,38.239743284515924,31.533050813833015,759.3225806451613,6943.096774193548,13339.41935483871,19902.709677419356,36901.0,42429.0
2026-03-09 20:58:00.552669,25.127132060285096,27.51489811081578,1000.4238754757207,817.6597316392185,38.122589690853985,31.42058923537709,757.8387096774194,6945.064516129032,13339.967741935483,19904.16129032258,36901.0,42429.0
2026-03-09 20:58:30.555424,25.150797576590953,27.564366853237257,1000.4360529978647,817.6517699448204,38.11630266813632,31.41542735615705,757.1612903225806,6928.322580645161,13339.612903225807,19905.451612903227,36901.0,42429.0
2026-03-09 20:59:00.554203,25.132427839548214,27.55818326043457,1000.4173854555104,817.649949556174,38.06011474481838,31.357459447805454,760.516129032258,6929.5161290322585,13338.322580645161,19907.129032258064,36901.0,42429.0
2026-03-09 20:59:30.556405,25.091882037072097,27.562820955036585,1000.4065378129276,817.6406607406512,38.214081038109576,31.51358052569643,763.5483870967741,6901.258064516129,13335.516129032258,19905.83870967742,36901.0,42429.0
2026-03-09 21:00:00.551761,25.11058275161345,27.615381493859406,1000.4168592734059,817.6535155634556,38.247495211726616,31.544056067447205,760.1935483870968,6868.548387096775,13338.548387096775,19907.548387096773,36901.0,42429.0
2026-03-09 21:00:30.561594,25.088737668851653,27.581371733444637,1000.4221965431257,817.6527181701972,38.155689475022825,31.45369257346125,758.4193548387096,6839.096774193548,13339.064516129032,19909.8064516129,36901.0,42429.0
2026-03-09 21:01:00.552319,25.074505269674834,27.63547817046813,1000.4237965414541,817.6637718894546,38.21098483647303,31.512801030930365,758.8709677419355,6863.032258064516,13339.935483870968,19909.612903225807,36901.0,42429.0
2026-03-09 21:01:30.556040,25.07251935406126,27.596830715451347,1000.4568819649927,817.6593677758145,38.16716424688331,31.46376787582119,762.0645161290323,6807.225806451613,13337.161290322581,19913.064516129034,36901.0,42429.0
2026-03-09 21:02:00.556781,25.050177801047422,27.620019188461416,1000.5017162992866,817.6925517509101,38.20921692477523,31.506185681911816,755.741935483871,6691.548387096775,13342.09677419355,19924.90322580645,36901.0,42429.0
2026-03-09 21:02:30.545299,25.103301059008732,27.578279937043295,1000.5153733488373,817.6961812181008,38.23765814998168,31.531164792475554,755.9032258064516,6662.096774193548,13341.129032258064,19930.41935483871,36901.0,42429.0
2026-03-09 21:03:00.555543,25.13557220877321,27.6262027812641,1000.525288498445,817.7062319356519,38.0521046973761,31.346845019173067,754.9032258064516,6659.870967741936,13342.806451612903,19929.225806451614,36901.0,42429.0
2026-03-09 21:03:30.551928,25.13805460519131,27.604560206454707,1000.5801194907848,817.7152549993849,38.14568739060837,31.443044428526907,750.6774193548387,6551.290322580645,13345.741935483871,19941.774193548386,36901.0,42429.0
2026-03-09 21:04:00.551417,25.16271308371647,27.633932272267458,1000.5574529299413,817.7279316624011,38.07445897861895,31.37140058166119,753.6774193548387,6563.870967741936,13343.451612903225,19939.8064516129,36901.0,42429.0
2026-03-09 21:04:30.558134,25.169498303787776,27.624656883063427,1000.6107389205832,817.7340265252574,38.075781617327344,31.372767520016207,749.483870967742,6532.548387096775,13345.548387096775,19944.90322580645,36901.0,42429.0
2026-03-09 21:05:00.557338,25.15443842835732,27.58446352984598,1000.5839257829772,817.7323209591272,38.034907641700954,31.334602174808925,753.5483870967741,6501.129032258064,13345.387096774193,19945.58064516129,36901.0,42429.0
2026-03-09 21:05:30.554552,25.095688376296874,27.579825835243966,1000.6013318269045,817.7253885169889,38.24576238474304,31.542170541703957,749.7096774193549,6493.645161290323,13345.354838709678,19942.354838709678,36901.0,42429.0
2026-03-09 21:06:00.553698,25.125146142962848,27.58600942804665,1000.5918070997327,817.7297583823432,38.1553510439567,31.44761524006326,756.741935483871,6527.612903225807,13339.354838709678,19940.25806451613,36901.0,42429.0
2026-03-09 21:06:30.558034,25.15642434402722,27.6262027812641,1000.5924545038334,817.7281427713287,38.09323025232007,31.390899502887233,753.8064516129032,6533.096774193548,13343.483870967742,19944.41935483871,36901.0,42429.0
2026-03-09 21:07:00.557872,25.132427841454046,27.58600942804665,1000.5920187782136,817.7225438843377,38.05920824282736,31.36140025717311,758.9354838709677,6544.935483870968,13339.032258064517,19942.290322580644,36901.0,42429.0
2026-03-09 21:07:30.560613,25.094695417964342,27.62156508666209,1000.592898774626,817.7336756001447,38.18670708377788,31.484701374803308,760.1612903225806,6533.5161290322585,13339.58064516129,19940.90322580645,36901.0,42429.0
2026-03-09 21:08:00.563142,25.102804577809895,27.654028948876185,1000.6286718699299,817.73650587141,38.19634744296827,31.496188393371458,762.8709677419355,6551.451612903225,13336.032258064517,19940.58064516129,36901.0,42429.0
2026-03-09 21:08:30.555597,25.104128522109317,27.603014308254036,1000.5919179694542,817.7263174083087,38.274754756893046,31.5691902668676,756.1612903225806,6479.225806451613,13339.935483870968,19949.548387096773,36901.0,42429.0
2026-03-09 21:09:00.563275,25.125477128939124,27.641661763270815,1000.6085809184925,817.7334216864305,38.14939880331357,31.445458587171,756.8064516129032,6447.935483870968,13342.354838709678,19952.612903225807,36901.0,42429.0
2026-03-09 21:09:30.556146,25.11273416137931,27.66021254167887,1000.6482247094244,817.7439228117656,38.18152464185401,31.479784527684465,755.7741935483871,6407.225806451613,13341.838709677419,19954.74193548387,36901.0,42429.0
2026-03-09 21:10:00.556608,25.125146142624867,27.689584607491618,1000.6697236020956,817.7532891480196,38.22242630611729,31.519050242479544,752.0,6336.354838709677,13344.387096774193,19961.645161290322,36901.0,42429.0
2026-03-09 21:10:30.556567,25.16436801624537,27.643207661471486,1000.6912142993315,817.7754510714788,38.222800791147804,31.521040644956123,748.1290322580645,6306.709677419355,13346.967741935483,19966.225806451614,36901.0,42429.0
2026-03-09 21:11:00.551934,25.17727648333699,27.695768200294307,1000.7321436903137,817.7806375731926,38.176014460942895,31.468643015192495,748.8064516129032,6250.5161290322585,13347.09677419355,19971.41935483871,36901.0,42429.0
2026-03-09 21:11:30.553255,25.166519427109666,27.661758439879538,1000.7180861283698,817.7699930957405,38.08471499698389,31.379467088837984,749.741935483871,6273.8387096774195,13346.129032258064,19969.74193548387,36901.0,42429.0
2026-03-09 21:12:00.563510,25.208223716215976,27.672579727284234,1000.7340718470268,817.7757621824084,38.053105596075206,31.3480411747414,751.483870967742,6244.677419354839,13346.516129032258,19972.322580645163,36901.0,42429.0
2026-03-09 21:12:30.557875,25.197632148911644,27.67567152368558,1000.7461400270771,817.7819435067464,38.05030129634788,31.35065853037724,752.5483870967741,6282.193548387097,13346.193548387097,19969.064516129034,36901.0,42429.0
2026-03-09 21:13:00.552027,25.194653270477918,27.658666643478195,1000.7815188937092,817.7845816732355,38.11754053577216,31.41556658918774,749.6451612903226,6248.258064516129,13344.709677419354,19972.548387096773,36901.0,42429.0
2026-03-09 21:13:30.550877,25.15195602901006,27.698859996695646,1000.7442524114003,817.7939886096998,38.14491972693981,31.44333174269313,749.3548387096774,6211.612903225807,13344.516129032258,19977.451612903227,36901.0,42429.0
2026-03-09 21:14:00.555703,25.16155463310931,27.68803870929095,1000.7926908051518,817.8084094455734,38.14313259601841,31.4399104178258,748.516129032258,6188.193548387097,13346.064516129032,19978.709677419356,36901.0,42429.0
2026-03-09 21:14:30.557689,25.21401598019856,27.669487930882898,1000.790196449062,817.8131317614957,38.085303624032434,31.381846751045746,751.741935483871,6178.129032258064,13343.483870967742,19976.677419354837,36901.0,42429.0
2026-03-09 21:15:00.565094,25.21600189958624,27.695768200294307,1000.8627219964421,817.8254915578062,38.04449879262769,31.337429244337788,754.9677419354839,6237.548387096775,13340.935483870968,19973.16129032258,36901.0,42429.0
2026-03-09 21:15:30.557732,25.18455818401567,27.697314098494978,1000.8795796907856,817.841328306565,38.15777340175337,31.456723119535006,755.3225806451613,6238.774193548387,13341.451612903225,19973.612903225807,36901.0,42429.0
2026-03-09 21:16:00.557500,25.15063208801533,27.667942032682227,1000.8979787732907,817.8501161968865,38.1578207943683,31.455341330584524,753.9677419354839,6219.903225806452,13342.516129032258,19973.09677419355,36901.0,42429.0
2026-03-09 21:16:30.560858,25.1181954331236,27.66330433808021,1000.9046516335744,817.8456742765388,38.222326111324314,31.521252528130365,748.0645161290323,6142.354838709677,13346.645161290322,19984.58064516129,36901.0,42429.0
2026-03-09 21:17:00.563746,25.133255305465294,27.700405894896317,1000.9029633861512,817.8407822993926,38.14724008714332,31.44454173697416,746.1935483870968,6098.967741935484,13348.774193548386,19985.645161290322,36901.0,42429.0
2026-03-09 21:17:30.554398,25.098170772048405,27.68803870929095,1000.9353687683939,817.8666877297114,38.215074523524635,31.51253471905276,742.8709677419355,6005.8387096774195,13349.064516129032,19992.74193548387,36901.0,42429.0
2026-03-09 21:18:00.562015,25.100487674736687,27.701951793096992,1000.9348335686603,817.8554364375337,38.26033137073165,31.560356856299382,742.8709677419355,5997.741935483871,13350.677419354839,19998.74193548387,36901.0,42429.0
2026-03-09 21:18:30.552337,25.10975528619395,27.669487930882898,1000.9158887416452,817.8417742534727,38.17286943227854,31.47071758886402,745.9032258064516,5998.709677419355,13350.451612903225,19997.09677419355,36901.0,42429.0
2026-03-09 21:19:00.555874,25.12795952551683,27.671033829083562,1000.9227439303188,817.8460887856903,38.26765036930209,31.5653268412026,746.5483870967741,6014.290322580645,13349.064516129032,19994.354838709678,36901.0,42429.0
2026-03-09 21:19:30.559144,25.163044071288763,27.71586487690303,1000.9109544446949,817.8580935914543,38.091846144178696,31.386592774055273,745.1935483870968,5964.129032258064,13350.09677419355,20001.967741935485,36901.0,42429.0
2026-03-09 21:20:00.552775,25.206734277163406,27.672579727284237,1000.8765351267502,817.8456108140788,38.0972079989016,31.39447336254102,743.4516129032259,5927.870967741936,13349.935483870968,20005.064516129034,36901.0,42429.0
2026-03-09 21:20:30.560778,25.239005465429432,27.69113050569229,1000.8446298748254,817.8309804714653,38.0986199720133,31.39578070087266,748.1935483870968,5967.580645161291,13345.935483870968,20000.645161290322,36901.0,42429.0
2026-03-09 21:21:00.565072,25.253734370796835,27.717410775103698,1000.815688422197,817.8315825679794,38.120123220065274,31.42071865747442,748.8709677419355,5976.419354838709,13347.225806451614,19999.387096774193,36901.0,42429.0
2026-03-09 21:21:30.544824,25.262505517944867,27.7390533499131,1000.8352471133595,817.8232678774127,38.06198049636734,31.359622402531883,747.7741935483871,5985.387096774193,13345.90322580645,19996.451612903227,36901.0,42429.0
2026-03-09 21:22:00.555936,25.263167492244506,27.735961553511753,1000.8555138714239,817.8206254114624,38.06162345088488,31.357465040596388,746.5806451612904,5967.354838709677,13348.451612903225,19999.935483870966,36901.0,42429.0
2026-03-09 21:22:30.555980,25.210871608279113,27.752966433719138,1000.8478568796019,817.8341409342341,38.113247787044095,31.40746235610047,744.1612903225806,5940.903225806452,13348.645161290322,20004.645161290322,36901.0,42429.0
2026-03-09 21:23:00.554494,25.198128627941777,27.765333619324505,1000.7794219027871,817.8213649575697,38.21313795164312,31.510991832700448,746.9354838709677,5917.612903225807,13347.612903225807,20006.354838709678,36901.0,42429.0
2026-03-09 21:23:30.558988,25.212361047528834,27.725140266107054,1000.8406175019275,817.8154418505787,38.260167346431906,31.559114372684164,748.8064516129032,5902.870967741936,13346.548387096775,20006.83870967742,36901.0,42429.0
2026-03-09 21:24:00.555854,25.156755330238205,27.709681284100345,1000.8322833821517,817.8266291329551,38.23396451345102,31.533831966905648,751.3548387096774,5912.612903225807,13345.387096774193,20004.709677419356,36901.0,42429.0
2026-03-09 21:24:30.570092,25.135572208745046,27.717410775103698,1000.8179958827739,817.8106133586899,38.29885271652929,31.596894552995117,747.5483870967741,5911.1612903225805,13346.709677419354,20005.516129032258,36901.0,42429.0
2026-03-09 21:25:00.556549,25.169167317529848,27.740599248113767,1000.8030713916378,817.805046363164,38.24211784368353,31.542333487151648,738.6451612903226,5793.322580645161,13351.935483870968,20018.225806451614,36901.0,42429.0
2026-03-09 21:25:30.559716,25.192005379015633,27.70968128410035,1000.7888403393982,817.7871445124874,38.19101242425647,31.488290675247637,740.258064516129,5821.1612903225805,13351.290322580646,20014.677419354837,36901.0,42429.0
2026-03-09 21:26:00.559577,25.163209564370785,27.777700804929875,1000.738057850715,817.7818647088823,38.25508837391094,31.55657202662118,743.9677419354839,5832.419354838709,13349.870967741936,20012.74193548387,36901.0,42429.0
2026-03-09 21:26:30.553515,25.14583278273142,27.759150026521823,1000.7412991441271,817.7829083665358,38.33924624251835,31.633684769950833,740.516129032258,5771.096774193548,13354.41935483871,20019.612903225807,36901.0,42429.0
2026-03-09 21:27:00.560175,25.159072234090644,27.776154906729204,1000.6980781685838,817.7747857443084,38.25258357606669,31.545192421267135,742.0645161290323,5772.0,13352.935483870968,20021.709677419356,36901.0,42429.0
2026-03-09 21:27:30.567581,25.141033482845806,27.749874637317795,1000.6953568484065,817.7582982538894,38.205299777393456,31.503872883350525,745.0967741935484,5798.870967741936,13350.548387096775,20017.74193548387,36901.0,42429.0
2026-03-09 21:28:00.553059,25.142357427201556,27.70504358949833,1000.6954513322886,817.7734448187248,38.320866080253786,31.616906589195278,746.9354838709677,5820.612903225807,13347.806451612903,20016.0,36901.0,42429.0
2026-03-09 21:28:30.553438,25.14947363161557,27.717410775103698,1000.7951247394549,817.8012453730946,38.232866853074775,31.527050974652795,740.2258064516129,5774.967741935484,13354.322580645161,20022.870967741936,36901.0,42429.0
2026-03-09 21:29:00.557951,25.18720607574083,27.790067990535245,1000.8143193416616,817.8175746760605,38.21930196279791,31.519327391478573,738.2903225806451,5667.870967741936,13354.838709677419,20032.548387096773,36901.0,42429.0
2026-03-09 21:29:30.554329,25.227089949309892,27.79625158333793,1000.786830888271,817.806912868175,38.18434496121623,31.48111504238544,741.483870967742,5692.870967741936,13350.774193548386,20026.967741935485,36901.0,42429.0
2026-03-09 21:30:00.550026,25.256382264596816,27.720502571505044,1000.8525648714505,817.8154866983384,38.0876396004168,31.382928919611636,735.5806451612904,5704.935483870968,13355.645161290322,20029.645161290322,36901.0,42429.0
2026-03-09 21:30:30.551944,25.266146371495015,27.760695924722494,1000.8622149739548,817.838931563825,38.0702403550404,31.365690045165213,738.5483870967741,5638.709677419355,13355.838709677419,20037.25806451613,36901.0,42429.0
2026-03-09 21:31:00.557267,25.251582957585455,27.762241822923166,1000.9638546434314,817.8585302239093,38.068531563701946,31.366518223555182,738.483870967742,5644.4838709677415,13353.516129032258,20032.387096774193,36901.0,42429.0
2026-03-09 21:31:30.551818,25.244135757788055,27.760695924722494,1000.9406471346311,817.8705539731401,38.1318663440887,31.428410190478523,734.3870967741935,5588.1612903225805,13357.387096774193,20038.8064516129,36901.0,42429.0
2026-03-09 21:32:00.553901,25.240991384882832,27.694222302093632,1000.9584209047471,817.8804876878887,38.09897384807567,31.391161715821276,737.741935483871,5585.225806451613,13355.129032258064,20041.322580645163,36901.0,42429.0
2026-03-09 21:32:30.553857,25.259361143913043,27.71895667330437,1000.9798327654964,817.8929401782676,38.162936314755996,31.45770653997186,744.741935483871,5670.096774193548,13348.612903225807,20029.645161290322,36901.0,42429.0
2026-03-09 21:33:00.557908,25.24612167770148,27.691130505692293,1000.9784181529662,817.890833149967,38.151217866397054,31.447107832369763,744.6774193548387,5710.967741935484,13349.838709677419,20023.16129032258,36901.0,42429.0
2026-03-09 21:33:30.554926,25.248935064189173,27.74214514631444,1000.9842049014272,817.8914606535438,38.13287421339528,31.42799171420706,741.5806451612904,5686.741935483871,13352.645161290322,20030.225806451614,36901.0,42429.0
2026-03-09 21:34:00.544396,25.241322371384857,27.728232062508397,1001.0414945809331,817.8946427078423,38.09656136010461,31.39172915011068,741.9032258064516,5683.387096774193,13353.90322580645,20028.935483870966,36901.0,42429.0
2026-03-09 21:34:30.552748,25.2050793443998,27.72050257150504,1001.0456842051509,817.904350146938,38.157379714314594,31.45632931827281,741.9032258064516,5622.870967741936,13353.709677419354,20036.09677419355,36901.0,42429.0
2026-03-09 21:35:00.564239,25.209547662731044,27.698859996695646,1001.0657764392938,817.9131917182235,38.27309207845646,31.571331981391264,738.1290322580645,5602.967741935484,13355.548387096775,20035.709677419356,36901.0,42429.0
2026-03-09 21:35:30.551456,25.212195554643966,27.697314098494974,1001.1278542530048,817.946200193597,38.22918163950181,31.529026286141256,737.4193548387096,5611.290322580645,13355.322580645161,20037.225806451614,36901.0,42429.0
2026-03-09 21:36:00.544739,25.18704058275269,27.69267640389296,1001.1428839489804,817.9432249606826,38.246893775327806,31.548708233313178,741.3548387096774,5586.806451612903,13353.677419354839,20040.354838709678,36901.0,42429.0
2026-03-09 21:36:30.553070,25.13987503019199,27.70504358949833,1001.1689222302218,817.9405127134748,38.28304964576207,31.579664720281055,739.3870967741935,5591.225806451613,13354.58064516129,20041.387096774193,36901.0,42429.0
2026-03-09 21:37:00.553139,25.136730660966997,27.64629945787283,1001.1776235980409,817.968082342367,38.3265598868772,31.623664252861175,741.6129032258065,5601.032258064516,13351.387096774193,20036.451612903227,36901.0,42429.0
2026-03-09 21:37:30.566272,25.158906741158834,27.654028948876185,1001.1471891008202,817.9529399818614,38.358992820281564,31.658093394002094,743.3548387096774,5623.806451612903,13350.548387096775,20034.677419354837,36901.0,42429.0
2026-03-09 21:38:00.555302,25.165029987822393,27.735961553511753,1001.130791924745,817.9628830295549,38.27479835963595,31.57247765988145,737.9354838709677,5562.354838709677,13355.548387096775,20042.354838709678,36901.0,42429.0
2026-03-09 21:38:30.556960,25.17926240193605,27.74523694271578,1001.1370004709366,817.9302742232876,38.27491273663196,31.5714583830222,740.1612903225806,5568.677419354839,13354.90322580645,20040.870967741936,36901.0,42429.0
2026-03-09 21:39:00.551277,25.181910293050965,27.669487930882898,1001.0280929644094,817.9050875842769,38.34061258479385,31.639954416140313,738.4516129032259,5536.870967741936,13355.741935483871,20043.387096774193,36901.0,42429.0
2026-03-09 21:39:30.555831,25.237185040438142,27.765333619324505,1001.0396433596127,817.9095612938149,38.16551132748958,31.46047472069783,737.6451612903226,5521.774193548387,13355.774193548386,20044.25806451613,36901.0,42429.0
2026-03-09 21:40:00.550178,25.238839974272018,27.819440056347997,1001.0820057415896,817.9196113160381,38.208260007893536,31.50645908546469,734.741935483871,5512.064516129032,13356.032258064517,20047.129032258064,36901.0,42429.0
2026-03-09 21:40:30.550144,25.21004414218365,27.77151721212719,1001.103638559049,817.9239026693635,38.263286254787864,31.560959531503755,728.9677419354839,5432.903225806452,13361.41935483871,20056.8064516129,36901.0,42429.0
2026-03-09 21:41:00.555183,25.2510864776071,27.739053349913096,1001.1671319805887,817.9443425189718,38.17322950556844,31.465655511543343,735.9677419354839,5471.5161290322585,13355.161290322581,20048.064516129034,36901.0,42429.0
2026-03-09 21:41:30.572953,25.199452576822708,27.697314098494974,1001.0870123712067,817.9336417929767,38.158582473525335,31.45859570261015,739.8064516129032,5539.0,13354.387096774193,20045.354838709678,36901.0,42429.0
2026-03-09 21:42:00.554497,25.152948987539745,27.706589487699002,1001.1055403517493,817.9213616751056,38.28915138333198,31.589168646504824,739.5483870967741,5550.0,13351.806451612903,20042.516129032258,36901.0,42429.0
2026-03-09 21:42:30.558597,25.15476941230572,27.728232062508397,1001.0756596827997,817.925325828292,38.27191048972708,31.567035944148806,741.0645161290323,5576.4838709677415,13350.193548387097,20037.58064516129,36901.0,42429.0
2026-03-09 21:43:00.552988,25.16221660432958,27.73132385890974,1001.0160054927103,817.9127574736905,38.302726788529405,31.600780195094092,736.2258064516129,5503.322580645161,13356.129032258064,20050.0,36901.0,42429.0
2026-03-09 21:43:30.556017,25.1812483203004,27.70504358949833,1001.079424678731,817.9161583110467,38.26219536209936,31.558775604954075,737.0322580645161,5482.903225806452,13355.806451612903,20051.129032258064,36901.0,42429.0
2026-03-09 21:44:00.559077,25.200445533258794,27.70195179309699,1001.3378464709843,818.0201736695913,38.24915611131197,31.544321657326368,738.483870967742,5503.612903225807,13354.516129032258,20047.16129032258,36901.0,42429.0
2026-03-09 21:44:30.549219,25.21517443281482,27.697314098494974,1001.4318817386277,818.0604951603483,38.2535885011603,31.55287526520548,735.3225806451613,5458.1612903225805,13356.709677419354,20052.129032258064,36901.0,42429.0
2026-03-09 21:45:00.550256,25.238012505294343,27.67876332008692,1001.2389686203273,817.9808474331014,38.20777457158035,31.50414671228964,738.9354838709677,5480.612903225807,13354.709677419354,20049.16129032258,36901.0,42429.0
2026-03-09 21:45:30.556086,25.243804770966825,27.740599248113767,1001.1078740192208,817.9493185748537,38.129700539769146,31.42988045919528,736.3870967741935,5448.548387096775,13354.064516129032,20052.354838709678,36901.0,42429.0
2026-03-09 21:46:00.547750,25.234371653358984,27.709681284100345,1001.1929257731449,817.9637167167105,38.14886875836406,31.44838013011072,729.9677419354839,5386.129032258064,13360.774193548386,20059.90322580645,36901.0,42429.0
2026-03-09 21:46:30.555668,25.250920983839727,27.667942032682227,1001.264500339451,817.9999703684616,38.210401287033825,31.51005897772492,735.8387096774194,5393.387096774193,13357.129032258064,20059.290322580644,36901.0,42429.0
2026-03-09 21:47:00.553834,25.2820337349333,27.734415655311082,1001.3530769344734,818.0217183892247,38.23321729027911,31.533061941402543,738.3225806451613,5446.225806451613,13353.193548387097,20053.516129032258,36901.0,42429.0
2026-03-09 21:47:30.557607,25.262836504869366,27.683401014688936,1001.4130695215108,818.0588046935735,38.200064631410854,31.499707251918124,742.0322580645161,5488.193548387097,13353.258064516129,20050.129032258064,36901.0,42429.0
2026-03-09 21:48:00.553034,25.230234322158786,27.67567152368558,1001.3649162277845,818.0354745721295,38.216046885600036,31.517668451098263,741.0967741935484,5484.193548387097,13355.064516129032,20051.09677419355,36901.0,42429.0
2026-03-09 21:48:30.553387,25.207727236012296,27.717410775103705,1001.262420471532,817.989716973597,38.30808312065815,31.607879230765132,738.0645161290323,5482.258064516129,13355.41935483871,20051.774193548386,36901.0,42429.0
2026-03-09 21:49:00.555327,25.229075868134274,27.684946912889608,1001.1687093868172,817.9561583341462,38.30479954419087,31.601196235132978,741.0967741935484,5501.1612903225805,13353.193548387097,20048.483870967742,36901.0,42429.0
2026-03-09 21:49:30.576155,25.236854052781354,27.705043589498334,1001.1542424289289,817.9543690653913,38.289834189717276,31.58771512336758,736.8709677419355,5463.096774193548,13355.0,20052.0,36901.0,42429.0
2026-03-09 21:50:00.555111,25.27922034809824,27.72977796070907,1001.3151983904731,818.0216759012918,38.17622457876285,31.47260486584681,735.6129032258065,5390.806451612903,13356.774193548386,20058.612903225807,36901.0,42429.0
2026-03-09 21:50:30.560699,25.28848797735578,27.75605823012048,1001.3698785125636,818.0510285791494,38.15881592397097,31.45664913538353,737.3225806451613,5417.096774193548,13356.129032258064,20058.612903225807,36901.0,42429.0
2026-03-09 21:51:00.552226,25.2752485085812,27.75451233191981,1001.4762928146249,818.0783638539992,38.15435479829368,31.456195358853467,731.6774193548387,5392.387096774193,13359.677419354839,20059.548387096773,36901.0,42429.0
2026-03-09 21:51:30.544732,25.257540717260017,27.75451233191981,1001.462379629924,818.0749322358743,38.084157955622445,31.38328587614307,734.3548387096774,5376.612903225807,13357.677419354839,20061.612903225807,36901.0,42429.0
2026-03-09 21:52:00.544475,25.24959703759692,27.745236942715785,1001.4472273621839,818.0796167046144,38.17813727462401,31.47586852584361,734.8709677419355,5356.451612903225,13358.032258064517,20060.451612903227,36901.0,42429.0
2026-03-09 21:52:30.546559,25.20706526874452,27.68649281109028,1001.4554065004204,818.063452536399,38.27659723964464,31.573327043889595,733.8709677419355,5345.612903225807,13358.0,20065.967741935485,36901.0,42429.0
2026-03-09 21:53:00.544348,25.13375178434522,27.683401014688933,1001.3912040830138,818.0556306245156,38.51573053708672,31.813190580569668,732.6451612903226,5279.096774193548,13358.935483870968,20067.483870967742,36901.0,42429.0
2026-03-09 21:53:30.548034,25.127297552972806,27.67721742188625,1001.4029081582028,818.0580020304795,38.48377267443863,31.779808664602164,728.6451612903226,5254.0,13361.870967741936,20071.90322580645,36901.0,42429.0
2026-03-09 21:54:00.569366,25.128290511493105,27.695768200294303,1001.3941131145647,818.0444033101271,38.54516571060356,31.842843843246623,733.3225806451613,5313.290322580645,13357.645161290322,20068.0,36901.0,42429.0
2026-03-09 21:54:30.545808,25.081621472079743,27.66485023628088,1001.3496991588983,818.0364633249461,38.565902990415815,31.859604385464724,729.0967741935484,5261.709677419355,13361.0,20071.58064516129,36901.0,42429.0
2026-03-09 21:55:00.546934,25.021051044973934,27.632386374066787,1001.3629699861186,818.0228579521771,38.744730853923194,32.04110696960648,734.0,5259.548387096775,13358.548387096775,20070.354838709678,36901.0,42429.0
2026-03-09 21:55:30.545789,24.99523415805156,27.616927392060077,1001.4028737852943,818.0556501776857,38.76614113763092,32.06420688127086,734.3548387096774,5278.8387096774195,13357.967741935483,20070.1935483871,36901.0,42429.0
2026-03-09 21:56:00.557474,24.9364842101265,27.61847329026075,1001.422037222875,818.0556526145967,38.88665587897321,32.18232089356024,737.1290322580645,5299.032258064516,13357.838709677419,20068.870967741936,36901.0,42429.0
2026-03-09 21:56:30.548296,24.86912868700681,27.57055044603994,1001.4428873197531,818.0457355751737,38.90667972774531,32.20454650866467,735.3870967741935,5296.870967741936,13356.161290322581,20068.129032258064,36901.0,42429.0
2026-03-09 21:57:00.545306,24.793498585775172,27.565912751437928,1001.4342818865392,818.0539148322712,39.0791120477317,32.376442259731334,731.5806451612904,5254.806451612903,13359.548387096775,20071.516129032258,36901.0,42429.0
2026-03-09 21:57:30.544502,24.79432604708258,27.573642242441284,1001.4373265912075,818.0569998692552,39.19344764328714,32.488076039304964,731.483870967742,5206.0,13359.483870967742,20075.58064516129,36901.0,42429.0
2026-03-09 21:58:00.547054,24.798794344590505,27.579825835243966,1001.4108678166607,818.0710414388974,39.12410832152078,32.42432184490577,729.741935483871,5217.0,13361.677419354839,20074.83870967742,36901.0,42429.0
2026-03-09 21:58:30.553981,24.82411470092202,27.551999667631886,1001.3592827122276,818.031801338261,39.10072180944932,32.39874768895058,728.0,5194.967741935484,13360.774193548386,20078.645161290322,36901.0,42429.0
2026-03-09 21:59:00.552656,24.820804850209594,27.550453769431215,1001.3161025430373,818.0209771811245,39.14204425297683,32.436083663879295,736.1935483870968,5229.1612903225805,13357.290322580646,20076.290322580644,36901.0,42429.0
2026-03-09 21:59:30.551070,24.79399506179165,27.510260416213765,1001.3425668105941,818.0318203306878,39.1748778800662,32.47342961102266,733.6129032258065,5255.354838709677,13359.483870967742,20074.354838709678,36901.0,42429.0
2026-03-09 22:00:00.548528,24.7898577500253,27.539632482026516,1001.3488609617959,818.0218003813633,39.20461181385963,32.50807280001372,733.9677419354839,5221.193548387097,13360.354838709678,20077.870967741936,36901.0,42429.0
2026-03-09 22:00:30.545031,24.805745029578834,27.538086583825844,1001.287595436276,818.0009656505862,39.09666324862657,32.391987090062706,730.7741935483871,5189.129032258064,13360.451612903225,20079.548387096773,36901.0,42429.0
2026-03-09 22:01:00.551974,24.849435065496497,27.507168619812422,1001.2843832231073,817.9820565755123,39.01981797795578,32.318036924499076,728.0967741935484,5166.741935483871,13362.967741935483,20084.90322580645,36901.0,42429.0
2026-03-09 22:01:30.551008,24.892628641179464,27.525719398220478,1001.2697356255886,817.9994339935084,39.08120037798137,32.38159529294314,725.7096774193549,5110.354838709677,13365.935483870968,20090.09677419355,36901.0,42429.0
2026-03-09 22:02:00.546941,24.903882142817302,27.476250655799003,1001.3735622959566,818.020756886483,38.91029449581113,32.20742421023505,726.4193548387096,5118.741935483871,13362.709677419354,20087.74193548387,36901.0,42429.0
2026-03-09 22:02:30.552745,24.919438457077053,27.508714518013093,1001.3651310443056,818.0372132542611,38.891226105249146,32.184532294779274,724.9354838709677,5133.903225806452,13365.064516129032,20086.41935483871,36901.0,42429.0
2026-03-09 22:03:00.546140,24.951213065388373,27.55818326043457,1001.27937258715,818.0228495428563,38.960059689041955,32.25594044256699,727.2258064516129,5111.741935483871,13363.387096774193,20090.0,36901.0,42429.0
2026-03-09 22:03:30.549981,24.97736092801619,27.51644400901645,1001.2810598165165,818.0094900248552,38.866022900532556,32.16100832375113,727.0645161290323,5148.096774193548,13362.516129032258,20082.41935483871,36901.0,42429.0
2026-03-09 22:04:00.556173,24.987786976814892,27.50407682341108,1001.2735281219132,818.0096676780022,38.817318224170286,32.111160443049684,723.0967741935484,5085.645161290323,13365.967741935483,20088.612903225807,36901.0,42429.0
2026-03-09 22:04:30.547045,24.956177850206938,27.499439128809065,1001.2588442577324,818.0066587212974,38.84320673739274,32.13942711695577,727.7741935483871,5123.225806451613,13363.354838709678,20086.322580645163,36901.0,42429.0
2026-03-09 22:05:00.549729,24.911494807381512,27.5458160748292,1001.4000756976493,818.0479707325526,38.830177315638096,32.12711719037341,728.1612903225806,5161.967741935484,13362.935483870968,20079.612903225807,36901.0,42429.0
2026-03-09 22:05:30.553014,24.898586377326865,27.48088835040101,1001.420073340734,818.0656056439999,38.87832439735954,32.17343029026747,726.516129032258,5125.129032258064,13364.741935483871,20088.354838709678,36901.0,42429.0
2026-03-09 22:06:00.551193,24.87227304495642,27.482434248601685,1001.504199864289,818.0998364781219,38.85035831505618,32.150755913932024,728.0645161290323,5101.967741935484,13363.161290322581,20089.8064516129,36901.0,42429.0
2026-03-09 22:06:30.552749,24.86449489077448,27.47470475759833,1001.5625130060718,818.1186083523281,38.96942907435566,32.261697728526684,728.483870967742,5119.967741935484,13362.354838709678,20085.322580645163,36901.0,42429.0
2026-03-09 22:07:00.545200,24.871611073952085,27.403593440367455,1001.5959285299999,818.1372223542718,38.91478822751373,32.2119284095711,726.2903225806451,5063.5161290322585,13366.806451612903,20093.967741935485,36901.0,42429.0
2026-03-09 22:07:30.546259,24.862343486538343,27.462337571992958,1001.6007112393195,818.1403418818535,38.90336227049018,32.2030418947173,727.0645161290323,5070.129032258064,13363.774193548386,20093.90322580645,36901.0,42429.0
2026-03-09 22:08:00.544909,24.870949103708206,27.465429368394304,1001.6220324842208,818.1445114298295,39.04586488099482,32.34569777312079,720.741935483871,4980.967741935484,13367.354838709678,20100.677419354837,36901.0,42429.0
2026-03-09 22:08:30.554611,24.904378621331077,27.462337571992958,1001.6616657589285,818.1554865939486,38.9323802687182,32.230758707837026,718.7741935483871,4952.677419354839,13370.935483870968,20106.774193548386,36901.0,42429.0
2026-03-09 22:09:00.555522,24.888656817979346,27.41905242237417,1001.6314075888492,818.1415838956428,38.9134348231822,32.21311722290972,716.8709677419355,4916.290322580645,13369.645161290322,20107.548387096773,36901.0,42429.0
2026-03-09 22:09:30.546484,24.849931542470586,27.45306218278893,1001.602736367734,818.1227903245893,38.95873750265153,32.253737170544994,716.1290322580645,4896.806451612903,13369.90322580645,20110.064516129034,36901.0,42429.0
2026-03-09 22:10:00.548648,24.785554945411633,27.412868829571483,1001.5594648493172,818.1299654762006,39.12844951221553,32.42832105697608,716.5806451612904,4891.741935483871,13372.129032258064,20110.1935483871,36901.0,42429.0
2026-03-09 22:10:30.544966,24.767516267489672,27.446878589986248,1001.5892059470227,818.124046147245,39.147955890771065,32.4443559041233,713.4516129032259,4819.8387096774195,13373.935483870968,20117.032258064515,36901.0,42429.0
2026-03-09 22:11:00.556631,24.77992820159641,27.46233757199296,1001.5672164994535,818.1246380501417,39.18447057762947,32.48268282831655,718.5806451612904,4863.1612903225805,13369.258064516129,20113.74193548387,36901.0,42429.0
2026-03-09 22:11:30.546104,24.77496342749932,27.44224089538423,1001.6070321059243,818.1241081882433,39.132793476511296,32.434813881707086,718.7741935483871,4932.612903225807,13371.612903225807,20106.1935483871,36901.0,42429.0
2026-03-09 22:12:00.544537,24.77810778436927,27.445332691785573,1001.5621605858126,818.0981363158086,39.110120400550024,32.40816441462721,718.6774193548387,4917.225806451613,13369.0,20106.709677419356,36901.0,42429.0
2026-03-09 22:12:30.547270,24.776121875825112,27.47779655399967,1001.483804783565,818.0926655130003,39.06708710401828,32.36025711815877,719.5483870967741,4977.967741935484,13368.0,20102.225806451614,36901.0,42429.0
2026-03-09 22:13:00.546700,24.673516616568854,27.442240895384234,1001.5117288928748,818.1086044014239,39.0701416358316,32.365818022000006,713.741935483871,4862.258064516129,13373.741935483871,20115.354838709678,36901.0,42429.0
2026-03-09 22:13:30.561198,24.63148158183697,27.40977703317014,1001.5075485593145,818.0958615578721,39.24407851014862,32.540846880492104,715.0967741935484,4863.741935483871,13371.90322580645,20112.774193548386,36901.0,42429.0
2026-03-09 22:14:00.545557,24.655312461468707,27.36803778175202,1001.4818489872551,818.0829773353545,39.22488685210318,32.52457962890681,718.4193548387096,4906.258064516129,13371.90322580645,20109.90322580645,36901.0,42429.0
2026-03-09 22:14:30.557157,24.649685725811946,27.35721649434732,1001.4657385985981,818.0694301802471,39.2586627887309,32.557079215093616,719.8064516129032,4940.096774193548,13370.258064516129,20105.709677419356,36901.0,42429.0
2026-03-09 22:15:00.548155,24.61940065256767,27.394318051163427,1001.5166840200449,818.0878616548493,39.25153692069972,32.55226562334621,716.5483870967741,4870.322580645161,13372.741935483871,20112.612903225807,36901.0,42429.0
2026-03-09 22:15:30.549442,24.626351324384167,27.41132293137081,1001.4833017680867,818.0871237101994,39.35671465807704,32.659800764087706,718.1290322580645,4907.645161290323,13369.967741935483,20104.290322580644,36901.0,42429.0
2026-03-09 22:16:00.550680,24.641245621777582,27.363400087150005,1001.4289514959089,818.0690803898772,39.32301807970399,32.620126320405895,719.0322580645161,4938.322580645161,13369.741935483871,20104.129032258064,36901.0,42429.0
2026-03-09 22:16:30.554996,24.67649547029249,27.363400087150005,1001.4428871339893,818.0692737578424,39.203977630403365,32.50289407372491,713.5806451612904,4840.258064516129,13374.0,20116.0,36901.0,42429.0
2026-03-09 22:17:00.553600,24.69916791532418,27.3850426619594,1001.4144856684595,818.0570591309826,39.11608408427214,32.41285388717764,718.6129032258065,4877.709677419355,13370.387096774193,20108.129032258064,36901.0,42429.0
2026-03-09 22:17:30.547589,24.686094023056345,27.34330341054128,1001.40155625257,818.0584995162584,39.194948147757295,32.49516161083357,719.1935483870968,4927.258064516129,13369.0,20105.612903225807,36901.0,42429.0
2026-03-09 22:18:00.556512,24.732597369341097,27.363400087150005,1001.441144954737,818.0564028157831,39.15823979725714,32.450470552662125,717.9354838709677,4888.0,13371.548387096775,20109.612903225807,36901.0,42429.0
2026-03-09 22:18:30.544332,24.726805136086526,27.389680356561414,1001.4064635454321,818.0488720186031,39.15454048878136,32.452202661386075,720.4516129032259,4907.903225806452,13368.870967741936,20108.032258064515,36901.0,42429.0
