timestamp,temp_c,icm_temp_c,pressure,humidity,eco2,tvoc,raw_H2,raw_Eth,baseline_eco2,baseline_tvoc
2026-02-20 01:01:30.428469,24.870835870982294,26.006833734529504,813.6796584162024,37.46654865235564,412.4736842105263,14.947368421052632,13541.157894736842,19640.21052631579,36725.52631578947,38491.15789473684
2026-02-20 01:02:00.431110,24.866480802050642,25.998371975957426,813.6984136314037,37.53486601628236,411.4516129032258,11.129032258064516,13548.41935483871,19646.8064516129,36745.032258064515,38490.0
2026-02-20 01:02:30.428425,24.838016075160986,26.007647365161453,813.710151573234,37.294067091329715,414.16129032258067,15.451612903225806,13541.354838709678,19636.0,36730.0,38485.8064516129
2026-02-20 01:03:00.432750,24.81319219371935,26.04938661657957,813.6985608871016,37.22116422486344,408.83870967741933,8.870967741935484,13548.41935483871,19645.870967741936,36738.93548387097,38482.25806451613
2026-02-20 01:03:30.428730,24.799456314468237,25.955086826338636,813.7045391453277,37.300380449411655,416.61290322580646,10.064516129032258,13543.516129032258,19648.548387096773,36740.1935483871,38489.0
2026-02-20 01:04:00.428533,24.840663957375764,25.97363760474669,813.7290474360238,37.03107360643507,412.4516129032258,8.774193548387096,13548.032258064517,19650.90322580645,36745.709677419356,38489.77419354839
2026-02-20 01:04:30.428358,24.893621598995637,25.942719640733266,813.7175358380201,36.819997261937964,410.0,13.64516129032258,13546.129032258064,19644.290322580644,36730.41935483871,38499.6129032258
2026-02-20 01:05:00.429202,24.95170954365805,25.97518350294736,813.7299691632034,36.64265564962621,407.8709677419355,11.774193548387096,13549.483870967742,19651.709677419356,36737.25806451613,38493.6129032258
2026-02-20 01:05:30.441329,25.000364434365522,25.973637604746692,813.7483792472214,36.62464548971081,410.38709677419354,6.129032258064516,13554.548387096775,19660.8064516129,36753.12903225807,38505.54838709677
2026-02-20 01:06:00.428441,25.031642591727206,26.078758682392326,813.7282275912119,36.73261624558193,410.0967741935484,6.870967741935484,13551.387096774193,19664.935483870966,36746.58064516129,38518.58064516129
2026-02-20 01:06:30.428341,25.041075688699493,26.13750281401783,813.7220207134621,36.94286743476474,411.38709677419354,9.161290322580646,13558.0,19671.225806451614,36765.096774193546,38527.290322580644
2026-02-20 01:07:00.428394,25.035448928464078,26.182333861837293,813.733369125048,37.15918287510825,408.51612903225805,10.419354838709678,13551.516129032258,19663.774193548386,36743.77419354839,38528.32258064516
2026-02-20 01:07:30.428324,25.057624985091202,26.202430538446016,813.7341050671306,37.1545680615874,401.741935483871,9.0,13554.387096774193,19669.612903225807,36730.77419354839,38527.32258064516
2026-02-20 01:08:00.428894,25.085427808394137,26.19624694564333,813.7335067160698,37.2017978767958,401.5806451612903,7.290322580645161,13554.064516129032,19671.032258064515,36725.25806451613,38527.6129032258
2026-02-20 01:08:30.429085,25.104790494277804,26.20243053844602,813.6978516053109,37.00802644715521,400.16129032258067,6.419354838709677,13559.483870967742,19679.41935483871,36727.22580645161,38537.967741935485
2026-02-20 01:09:00.428405,25.11736796743184,26.253445179068166,813.6962280392002,37.16024360904736,400.0967741935484,5.548387096774194,13561.290322580646,19689.129032258064,36731.87096774193,38559.290322580644
2026-02-20 01:09:30.428431,25.115051064283527,26.25808287367018,813.6839333200764,37.107090509609456,400.741935483871,12.774193548387096,13557.161290322581,19680.25806451613,36732.77419354839,38559.8064516129
2026-02-20 01:10:00.428742,25.129614456524816,26.24880748446615,813.6669798469503,37.16216752403061,403.7741935483871,14.03225806451613,13552.741935483871,19674.516129032258,36726.67741935484,38553.8064516129
2026-02-20 01:10:30.428552,25.167843373267978,26.210160029449373,813.6502394727573,36.95289273649192,400.0,9.35483870967742,13561.709677419354,19680.064516129034,36727.32258064516,38553.967741935485
2026-02-20 01:11:00.428858,25.201769478863195,26.251899280867484,813.6348357110593,37.12798896966915,400.741935483871,10.64516129032258,13560.129032258064,19679.8064516129,36731.74193548387,38559.12903225807
2026-02-20 01:11:30.428521,25.223614589630387,26.28590904128225,813.620344509699,36.994529741804776,400.35483870967744,12.67741935483871,13562.225806451614,19675.1935483871,36732.32258064516,38554.3870967742
2026-02-20 01:12:00.430590,25.253072397285816,26.23334850245943,813.6228071415029,37.34986900446959,400.16129032258067,11.064516129032258,13562.322580645161,19685.8064516129,36737.709677419356,38568.45161290323
2026-02-20 01:12:30.428816,25.272435118892087,26.309097514292315,813.6124494210909,37.275603334390226,400.4516129032258,15.225806451612904,13559.354838709678,19681.25806451613,36737.51612903226,38572.8064516129
2026-02-20 01:13:00.428608,25.285343602385122,26.302913921489633,813.6087056008255,37.30865415202746,402.5806451612903,17.677419354838708,13559.161290322581,19675.58064516129,36736.32258064516,38566.8064516129
2026-02-20 01:13:30.428653,25.278889361464778,26.295184430486277,813.6041259860406,37.34540895344129,400.1290322580645,15.67741935483871,13560.58064516129,19673.58064516129,36732.54838709677,38560.8064516129
2026-02-20 01:14:00.449222,25.254727330500064,26.284363143081578,813.5898517124166,37.00160016642265,400.06451612903226,12.806451612903226,13563.193548387097,19677.516129032258,36734.41935483871,38555.290322580644
2026-02-20 01:14:30.428708,25.299245049552653,26.27663365207822,813.5868225814747,37.05092966683136,400.0967741935484,10.419354838709678,13563.774193548386,19686.41935483871,36740.12903225807,38569.0
2026-02-20 01:15:00.429317,25.339790944729167,26.237986197061446,813.5765687050226,37.13538902607895,413.2258064516129,23.548387096774192,13547.09677419355,19664.90322580645,36736.290322580644,38565.3870967742
2026-02-20 01:15:30.428557,25.359319178165958,26.273541855676886,813.5668389453521,36.754366353998016,400.93548387096774,23.93548387096774,13557.516129032258,19659.870967741936,36724.903225806454,38559.3870967742
2026-02-20 01:16:00.447304,25.34674167124209,26.26117467007152,813.5683519194782,36.71678917328949,400.0,11.483870967741936,13567.193548387097,19679.83870967742,36730.45161290323,38554.93548387097
2026-02-20 01:16:30.434750,25.36908329693101,26.31218931069365,813.5464621101928,36.52916624723862,400.0,9.741935483870968,13568.483870967742,19684.129032258064,36736.6129032258,38560.0
2026-02-20 01:17:00.429112,25.366269906415724,26.270450059275547,813.5455531098594,36.71394361433221,400.0,6.774193548387097,13571.0,19691.90322580645,36742.8064516129,38568.22580645161
2026-02-20 01:17:30.428476,25.364283984042554,26.358566256713797,813.5306686628729,37.8291958468849,400.38709677419354,10.451612903225806,13568.193548387097,19698.387096774193,36748.32258064516,38591.25806451613
2026-02-20 01:18:00.428524,25.369248791120857,26.357020358513118,813.5247505180226,37.397475705334436,400.7741935483871,15.193548387096774,13563.709677419354,19686.8064516129,36746.645161290326,38586.0
2026-02-20 01:18:30.429449,25.410953173509633,26.34310727470708,813.5186223776292,37.11259200584261,400.19354838709677,12.709677419354838,13565.90322580645,19689.09677419355,36749.51612903226,38580.0
2026-02-20 01:19:00.432449,25.4364391942133,26.398759609931226,813.5054057683888,36.802577451444975,400.0,7.387096774193548,13571.354838709678,19696.870967741936,36754.290322580644,38578.48387096774
2026-02-20 01:19:30.428530,25.448685726267286,26.32146469989769,813.4941152723015,36.564846500822476,400.0,8.612903225806452,13571.870967741936,19700.25806451613,36758.58064516129,38590.58064516129
2026-02-20 01:20:00.428935,25.434287776955546,26.353928562111765,813.4896859597649,36.43076849900533,400.0,7.483870967741935,13574.193548387097,19707.8064516129,36763.12903225807,38595.16129032258
2026-02-20 01:20:30.428606,25.41823489268333,26.361658053115132,813.4798464567383,36.51759329551997,400.4193548387097,8.806451612903226,13571.225806451614,19708.612903225807,36766.41935483871,38607.41935483871
2026-02-20 01:21:00.428475,25.41724193099916,26.352382663911094,813.4769018473797,36.61735865898371,400.258064516129,12.516129032258064,13573.548387096775,19705.322580645163,36766.32258064516,38612.06451612903
2026-02-20 01:21:30.431746,25.38116432821393,26.357020358513115,813.4744303736377,36.5777515329966,400.03225806451616,11.0,13572.612903225807,19705.032258064515,36769.06451612903,38610.41935483871
2026-02-20 01:22:00.429093,25.328371895556977,26.341561376506416,813.4675056258209,36.48415937367876,400.16129032258067,8.838709677419354,13575.161290322581,19709.032258064515,36772.74193548387,38607.16129032258
2026-02-20 01:22:30.428512,25.277234427555793,26.293638532285605,813.5002850933022,36.52284540161548,400.06451612903226,7.32258064516129,13577.290322580646,19710.483870967742,36777.354838709674,38607.87096774193
2026-02-20 01:23:00.428422,25.236688559567895,26.307551616091647,813.5131534106055,36.65879301318803,400.0,6.129032258064516,13578.774193548386,19717.516129032258,36781.67741935484,38610.12903225807
2026-02-20 01:23:30.428840,25.252741411628744,26.29054673588426,813.509255428712,36.66413435944648,400.03225806451616,4.741935483870968,13578.451612903225,19716.451612903227,36785.709677419356,38612.51612903226
2026-02-20 01:24:00.429010,25.229241362352283,26.30291392148963,813.5249361013346,36.471422586176985,400.2258064516129,6.548387096774194,13580.161290322581,19716.677419354837,36789.51612903226,38616.45161290323
2026-02-20 01:24:30.428476,25.178434937061073,26.245715688064806,813.5507138797192,36.64690097914629,400.741935483871,5.451612903225806,13576.612903225807,19717.129032258064,36790.32258064516,38617.67741935484
2026-02-20 01:25:00.428739,25.14781870094556,26.258082873670173,813.5608419106088,36.95400766692037,400.5483870967742,8.548387096774194,13578.032258064517,19715.935483870966,36787.67741935484,38619.83870967742
2026-02-20 01:25:30.428502,25.131600373959724,26.295184430486277,813.6029804744971,37.937468968019715,401.35483870967744,8.516129032258064,13579.451612903225,19720.322580645163,36787.1935483871,38625.67741935484
2026-02-20 01:26:00.428632,25.12944896359301,26.261174670071526,813.6102500737071,37.761129244467796,401.1290322580645,9.903225806451612,13574.741935483871,19711.516129032258,36783.354838709674,38620.032258064515
2026-02-20 01:26:30.428490,25.1319313600205,26.313735208894336,813.6139416337661,37.58987278332653,400.93548387096774,13.612903225806452,13574.483870967742,19705.129032258064,36777.645161290326,38614.0
2026-02-20 01:27:00.428574,25.15294898755852,26.29827622688762,813.6391720043604,38.63902635402418,400.19354838709677,8.35483870967742,13580.741935483871,19714.25806451613,36779.51612903226,38614.709677419356
2026-02-20 01:27:30.428443,25.175952538333444,26.25499107726883,813.6270950471965,37.835289421630755,401.0967741935484,11.096774193548388,13575.129032258064,19706.290322580644,36779.87096774193,38609.903225806454
2026-02-20 01:28:00.428852,25.19514974981787,26.273541855676886,813.6324458989877,38.12062361462212,400.0,6.838709677419355,13579.032258064517,19712.8064516129,36782.06451612903,38606.032258064515
2026-02-20 01:28:30.428736,25.199618066994347,26.304459819690305,813.6450209876961,38.02403368550801,401.35483870967744,7.967741935483871,13576.677419354839,19710.25806451613,36785.54838709677,38607.25806451613
2026-02-20 01:29:00.428761,25.21649837886047,26.264266466472865,813.6185585633717,37.9398863320726,400.258064516129,6.935483870967742,13581.258064516129,19715.225806451614,36785.77419354839,38610.096774193546
2026-02-20 01:29:30.428480,25.20987864892325,26.30755161609165,813.6003334561169,37.6740305437123,400.93548387096774,9.774193548387096,13577.516129032258,19710.0,36785.903225806454,38611.06451612903
2026-02-20 01:30:00.428618,25.224773043927158,26.30136802328896,813.600249758061,37.35307288211549,400.741935483871,11.483870967741936,13578.354838709678,19704.41935483871,36782.967741935485,38606.0
2026-02-20 01:30:30.428641,25.27111117293093,26.270450059275543,813.5867440376052,37.114059823761764,400.19354838709677,5.225806451612903,13582.967741935483,19714.387096774193,36787.41935483871,38606.8064516129
2026-02-20 01:31:00.428919,25.275579493121064,26.302913921489626,813.5716083119831,37.3589794194015,400.4516129032258,6.741935483870968,13580.451612903225,19718.322580645163,36788.3870967742,38616.32258064516
2026-02-20 01:31:30.431040,25.24496322678451,26.284363143081585,813.5679012108453,37.577310040314615,400.2258064516129,10.580645161290322,13580.0,19716.25806451613,36790.12903225807,38624.645161290326
2026-02-20 01:32:00.430830,25.1469912371033,26.224073113255407,813.5758721774882,37.46357624732414,400.7096774193548,6.096774193548387,13584.870967741936,19721.645161290322,36792.87096774193,38623.06451612903
2026-02-20 01:32:30.429438,25.129945442482317,26.244169789864138,813.5670500480289,37.58933668452936,401.64516129032256,6.709677419354839,13582.032258064517,19721.516129032258,36790.41935483871,38628.77419354839
2026-02-20 01:33:00.428798,25.135241222224245,26.275087753877557,813.5768426046908,37.764546359437546,400.0,4.387096774193548,13588.870967741936,19730.16129032258,36795.22580645161,38632.32258064516
2026-02-20 01:33:30.428593,25.145667288879554,26.27508775387756,813.5780842214781,37.74263213300294,400.03225806451616,11.258064516129032,13587.064516129032,19723.483870967742,36800.22580645161,38648.54838709677
2026-02-20 01:34:00.428514,25.15741730236914,26.24726158626547,813.5743791945094,37.585242025997196,400.1290322580645,9.32258064516129,13590.548387096775,19728.935483870966,36805.48387096774,38644.32258064516
2026-02-20 01:34:30.449815,25.16585745358926,26.26581236467353,813.5690939285847,37.660270423969,400.38709677419354,8.161290322580646,13585.709677419354,19725.8064516129,36809.096774193546,38644.16129032258
2026-02-20 01:35:00.429232,25.195646232500064,26.30445981969031,813.562117393488,37.18551490755262,401.16129032258067,16.870967741935484,13585.354838709678,19713.870967741936,36806.8064516129,38640.3870967742
2026-02-20 01:35:30.428536,25.228082907717532,26.316827005295668,813.5609552177172,37.189346210932634,400.1290322580645,6.838709677419355,13591.645161290322,19727.290322580644,36808.8064516129,38636.41935483871
2026-02-20 01:36:00.430197,25.198459614434416,26.278179550278892,813.53494895266,37.25098799807279,400.2903225806452,6.129032258064516,13590.935483870968,19733.16129032258,36813.0,38638.290322580644
2026-02-20 01:36:30.428379,25.17545605893716,26.343107274707076,813.5315469924561,36.90416766156714,400.19354838709677,4.838709677419355,13593.774193548386,19735.032258064515,36816.54838709677,38643.74193548387
2026-02-20 01:37:00.428583,25.139544043934063,26.315281107095004,813.5212603542252,36.80180140058425,400.2258064516129,7.354838709677419,13592.354838709678,19732.774193548386,36819.06451612903,38646.967741935485
2026-02-20 01:37:30.428405,25.05663202967844,26.268904161074868,813.5204237228608,36.9393488894655,400.2258064516129,5.580645161290323,13592.612903225807,19737.16129032258,36821.1935483871,38649.8064516129
2026-02-20 01:38:00.428856,25.02121653781186,26.247261586265477,813.5204766584731,37.09576533198416,400.0967741935484,4.741935483870968,13596.193548387097,19746.1935483871,36825.67741935484,38662.290322580644
2026-02-20 01:38:30.428369,25.029325691414172,26.251899280867494,813.4973058935802,36.94924988062973,400.2258064516129,5.419354838709677,13595.290322580646,19746.709677419356,36829.48387096774,38669.87096774193
2026-02-20 01:39:00.444652,24.99953696985669,26.247261586265477,813.5013668308338,36.99116939234518,403.06451612903226,6.709677419354839,13595.483870967742,19750.612903225807,36831.12903225807,38675.3870967742
2026-02-20 01:39:30.428497,25.00665316329574,26.190063352840646,813.4762253140084,36.979389347136404,400.0,3.4193548387096775,13601.290322580646,19755.032258064515,36830.41935483871,38680.54838709677
2026-02-20 01:40:00.444928,24.972561637002546,26.262720568272194,813.4636633996685,36.95532597411128,400.0,3.096774193548387,13604.870967741936,19769.064516129034,36836.6129032258,38702.1935483871
2026-02-20 01:40:30.428431,24.97107220193063,26.237986197061453,813.4379887527398,36.87485736275709,400.0,7.516129032258065,13602.548387096775,19768.0,36842.1935483871,38715.096774193546
2026-02-20 01:41:00.428649,24.96296305380172,26.16069128702789,813.4540753548565,36.99352930652894,400.0,8.193548387096774,13604.064516129032,19763.225806451614,36847.87096774193,38711.58064516129
2026-02-20 01:41:30.431889,24.987786977312474,26.183879760037964,813.4449432653126,36.796473609733,400.0967741935484,4.967741935483871,13606.612903225807,19764.774193548386,36853.3870967742,38709.3870967742
2026-02-20 01:42:00.428359,25.019396116256697,26.156053592425884,813.4062652826794,36.54021777523487,400.03225806451616,6.161290322580645,13607.032258064517,19767.032258064515,36858.354838709674,38711.096774193546
2026-02-20 01:42:30.428713,25.024857383466422,26.15141589782387,813.407387465806,36.36382104159659,400.5483870967742,7.290322580645161,13606.387096774193,19763.25806451613,36861.12903225807,38709.3870967742
2026-02-20 01:43:00.428386,24.982325713557657,26.13595691581716,813.4159823312117,36.542825245386595,400.3225806451613,5.806451612903226,13609.09677419355,19771.064516129034,36865.6129032258,38714.16129032258
2026-02-20 01:43:30.428294,25.00681865606795,26.18078796363662,813.4296416482769,36.641239406267964,401.3225806451613,6.774193548387097,13606.09677419355,19769.09677419355,36866.0,38718.48387096774
2026-02-20 01:44:00.428725,25.009963020626945,26.1606912870279,813.4164727610249,36.55097620407726,400.38709677419354,9.258064516129032,13607.483870967742,19764.1935483871,36865.87096774193,38713.3870967742
2026-02-20 01:44:30.449053,24.975871494023934,26.185425658238636,813.4259492489082,36.644690907972944,400.06451612903226,7.290322580645161,13609.451612903225,19763.548387096773,36868.290322580644,38709.645161290326
2026-02-20 01:45:00.429083,24.908846927701585,26.106584850004406,813.4287900602612,36.75735740223689,400.06451612903226,8.096774193548388,13609.225806451614,19765.967741935485,36872.1935483871,38710.12903225807
2026-02-20 01:45:30.428754,24.806407005389996,26.078758682392326,813.4298119234505,36.856817934636865,400.38709677419354,7.548387096774194,13610.451612903225,19763.25806451613,36873.25806451613,38708.06451612903
2026-02-20 01:46:00.428414,24.72349529037808,26.033927634572862,813.4243358028749,36.92250809214856,400.03225806451616,3.3870967741935485,13612.870967741936,19771.58064516129,36875.6129032258,38713.709677419356
2026-02-20 01:46:30.428354,24.650678680708346,26.03392763457286,813.4367888173211,37.02518176852182,400.48387096774195,4.870967741935484,13612.451612903225,19773.74193548387,36877.290322580644,38721.096774193546
2026-02-20 01:47:00.428911,24.588288130662065,26.03238173637219,813.4528525100098,37.27623285428998,400.16129032258067,5.903225806451613,13614.258064516129,19781.064516129034,36879.67741935484,38734.22580645161
2026-02-20 01:47:30.428398,24.560816443220133,26.009193263362125,813.4437835392716,37.356535224441146,400.7096774193548,8.258064516129032,13613.387096774193,19778.645161290322,36880.354838709674,38740.0
2026-02-20 01:48:00.428380,24.549231999261764,25.995280179556083,813.4683349501992,37.404101017189575,400.258064516129,10.64516129032258,13614.645161290322,19774.451612903227,36881.22580645161,38738.22580645161
2026-02-20 01:48:30.428360,24.511499821436555,26.04474892197756,813.4604571243859,37.563907209702556,400.258064516129,6.548387096774194,13613.483870967742,19777.387096774193,36882.51612903226,38736.8064516129
2026-02-20 01:49:00.446978,24.480056351877845,26.009193263362125,813.4784866335272,37.66387623104012,401.06451612903226,6.548387096774194,13613.483870967742,19776.322580645163,36882.8064516129,38739.1935483871
2026-02-20 01:49:30.428443,24.47459511851306,26.074120987790316,813.4855152069113,37.74137212653561,400.9032258064516,10.193548387096774,13611.967741935483,19777.0,36880.41935483871,38737.1935483871
2026-02-20 01:50:00.428587,24.455398059213504,26.024652245368838,813.486116672281,37.76383110316739,400.19354838709677,4.967741935483871,13616.161290322581,19780.548387096773,36880.51612903226,38739.354838709674
2026-02-20 01:50:30.428966,24.470954296301166,26.03083583817152,813.4711616607046,37.86705835540841,400.0967741935484,6.225806451612903,13614.41935483871,19780.870967741936,36885.032258064515,38741.12903225807
2026-02-20 01:51:00.428885,24.49577808591552,25.986004790352055,813.4914068347068,37.784646213092756,400.3225806451613,4.774193548387097,13617.935483870968,19780.709677419356,36887.0,38741.1935483871
2026-02-20 01:51:30.428644,24.544267239463103,26.029289939970848,813.4686141462109,37.69112887246714,400.48387096774195,9.516129032258064,13617.516129032258,19777.677419354837,36890.06451612903,38740.3870967742
2026-02-20 01:52:00.431138,24.594080355307536,26.04320302377689,813.4585850115242,37.514284380269295,400.0967741935484,9.161290322580646,13618.354838709678,19774.90322580645,36890.0,38735.12903225807
2026-02-20 01:52:30.429782,24.62850272217052,26.024652245368838,813.4690079355607,37.50511414236925,401.16129032258067,9.612903225806452,13613.322580645161,19769.870967741936,36890.41935483871,38731.1935483871
2026-02-20 01:53:00.428515,24.654154016503938,26.018468652566153,813.465620158811,37.32614798221932,400.35483870967744,10.806451612903226,13615.161290322581,19766.74193548387,36890.67741935484,38725.93548387097
2026-02-20 01:53:30.428858,24.7316044174959,26.074120987790316,813.4779606861482,37.44578701428635,402.2903225806452,4.548387096774194,13622.774193548386,19785.09677419355,36895.096774193546,38738.74193548387
2026-02-20 01:54:00.428763,24.795815479704142,26.08339637699434,813.4874519175625,37.89270609278045,418.48387096774195,28.258064516129032,13599.41935483871,19746.354838709678,36884.67741935484,38740.0
2026-02-20 01:54:30.428787,24.83867804745152,26.129773323014472,813.4832776509571,37.228290067320266,400.0,12.32258064516129,13619.032258064517,19767.548387096773,36885.12903225807,38734.0
2026-02-20 01:55:00.429968,24.87425895600726,26.106584850004406,813.4892793081826,36.960764042563206,400.80645161290323,12.064516129032258,13616.354838709678,19765.290322580644,36888.93548387097,38728.0
2026-02-20 01:55:30.428636,24.888656816280058,26.148324101422528,813.4918744605966,36.995734384654526,400.8709677419355,12.64516129032258,13615.225806451614,19763.387096774193,36886.645161290326,38722.25806451613
2026-02-20 01:56:00.428433,24.887663860313385,26.100401257201725,813.4949247520655,36.62620156290714,400.2258064516129,8.838709677419354,13618.774193548386,19767.387096774193,36889.8064516129,38720.51612903226
2026-02-20 01:56:30.428355,24.89908285488303,26.11895203560978,813.4954976846485,36.44388842003057,400.0,4.032258064516129,13623.90322580645,19775.129032258064,36893.354838709674,38725.645161290326
2026-02-20 01:57:00.428478,24.925230702545846,26.162237185228573,813.4953081030317,36.31860975724569,400.1290322580645,5.612903225806452,13620.806451612903,19780.09677419355,36898.48387096774,38733.25806451613
2026-02-20 01:57:30.428384,24.943103919841253,26.137502814017832,813.4890820722269,36.30022374582562,403.5483870967742,10.129032258064516,13613.548387096775,19773.8064516129,36894.32258064516,38737.45161290323
2026-02-20 01:58:00.428453,24.955184891724194,26.156053592425884,813.4740928117449,36.334672613902406,400.38709677419354,8.129032258064516,13620.225806451614,19773.516129032258,36891.74193548387,38732.6129032258
2026-02-20 01:58:30.428391,24.953033485629167,26.123589730211787,813.4698780638638,36.224174855182675,400.0,4.387096774193548,13624.967741935483,19779.935483870966,36897.709677419356,38730.25806451613
2026-02-20 01:59:00.428494,24.95286799275369,26.174604370833936,813.4761161229488,36.17479762431927,400.0,2.5483870967741935,13631.90322580645,19799.290322580644,36903.87096774193,38753.8064516129
2026-02-20 01:59:30.428341,24.956343341279858,26.10658485000441,813.4687644656458,36.306989305146274,400.0,3.5161290322580645,13634.064516129032,19804.25806451613,36910.0,38777.25806451613
2026-02-20 02:00:00.449553,24.945751803877364,26.143686406820514,813.4667103457859,36.38533875509587,400.19354838709677,6.67741935483871,13631.064516129032,19804.129032258064,36915.6129032258,38784.58064516129
2026-02-20 02:00:30.428577,24.950882079797015,26.12204383201112,813.4590876049263,36.27427631800933,400.0,5.774193548387097,13634.677419354839,19803.129032258064,36919.903225806454,38783.93548387097
2026-02-20 02:01:00.428826,24.962797560466214,26.114314341007763,813.4817917885588,36.47691847220258,400.0,6.935483870967742,13633.483870967742,19806.774193548386,36925.0,38791.16129032258
2026-02-20 02:01:30.428348,24.953364471718107,26.135956915817157,813.4555301432764,36.49307916836802,400.0,5.580645161290323,13634.838709677419,19812.645161290322,36929.8064516129,38796.41935483871
2026-02-20 02:02:00.430888,24.93946307886208,26.123589730211787,813.4735385789787,36.55805796424051,403.6774193548387,7.67741935483871,13628.870967741936,19805.032258064515,36932.25806451613,38796.903225806454
2026-02-20 02:02:30.428482,24.931684919638606,26.08648817339568,813.4735075057506,36.51021394500903,400.5806451612903,14.580645161290322,13631.129032258064,19796.548387096773,36926.096774193546,38792.0
2026-02-20 02:03:00.429011,24.925892673747335,26.098855359001053,813.4862535871939,36.447504906492085,400.0967741935484,6.741935483870968,13637.322580645161,19806.967741935485,36930.6129032258,38789.77419354839
2026-02-20 02:03:30.428471,24.933836325376873,26.084942275195008,813.4885948420628,36.45522248233972,400.0,4.838709677419355,13637.870967741936,19811.516129032258,36934.74193548387,38795.58064516129
2026-02-20 02:04:00.428515,24.957501791605367,26.064845598586288,813.4986018901258,36.4246916646743,400.4193548387097,8.741935483870968,13635.870967741936,19809.09677419355,36938.354838709674,38806.48387096774
2026-02-20 02:04:30.428370,24.95866024093571,26.118952035609773,813.504821882509,36.21908478977252,401.51612903225805,13.580645161290322,13631.322580645161,19799.41935483871,36938.77419354839,38802.0
2026-02-20 02:05:00.441918,24.963956010594565,26.054024311181585,813.5105856571932,36.44871614166179,400.9032258064516,18.580645161290324,13631.161290322581,19791.09677419355,36934.3870967742,38796.0
2026-02-20 02:05:30.428561,24.95866024081366,26.095763562599704,813.5112456992343,36.63590427713711,403.7741935483871,22.06451612903226,13626.225806451614,19781.709677419356,36929.032258064515,38790.0
2026-02-20 02:06:00.428552,24.94508983376492,26.078758682392323,813.505179691362,36.43598710498292,402.96774193548384,28.29032258064516,13625.129032258064,19771.0,36923.77419354839,38784.0
2026-02-20 02:06:30.428416,24.897593422036152,26.105038951803735,813.5181524281007,36.34732983906776,400.5483870967742,27.806451612903224,13629.258064516129,19769.451612903227,36917.58064516129,38778.0
2026-02-20 02:07:00.429199,24.862674473059148,26.094217664399036,813.5168724645376,36.419901813897816,400.5483870967742,17.903225806451612,13630.161290322581,19779.645161290322,36920.58064516129,38772.0
2026-02-20 02:07:30.428322,24.840001986155496,26.057116107582928,813.517731108892,36.50196769511734,400.0967741935484,9.387096774193548,13636.064516129032,19787.967741935485,36924.83870967742,38766.3870967742
2026-02-20 02:08:00.428478,24.82245977550009,26.020014550766824,813.5127223906508,36.829988817028756,400.16129032258067,7.838709677419355,13633.09677419355,19789.709677419356,36929.645161290326,38763.8064516129
2026-02-20 02:08:30.428357,24.77231554907743,25.989096586753394,813.5152381406582,36.93654518594944,400.1290322580645,4.483870967741935,13635.354838709678,19800.8064516129,36932.709677419356,38770.645161290326
2026-02-20 02:09:00.428622,24.713896733567854,26.009193263362125,813.4968954048351,36.87160933034823,400.0,8.290322580645162,13634.870967741936,19792.25806451613,36936.51612903226,38772.096774193546
2026-02-20 02:09:30.428368,24.620724595336792,26.023106347168163,813.4994596656848,37.267061601849484,401.38709677419354,10.387096774193548,13632.483870967742,19794.225806451614,36936.06451612903,38773.709677419356
2026-02-20 02:10:00.428946,24.527552547308826,25.982912993950716,813.4869911358028,37.22122960405574,401.5806451612903,17.387096774193548,13629.90322580645,19779.967741935485,36931.096774193546,38768.3870967742
2026-02-20 02:10:30.428403,24.456721995767552,25.967454011944007,813.4553916053017,37.30804655497744,400.0,10.741935483870968,13634.129032258064,19784.290322580644,36932.77419354839,38762.8064516129
2026-02-20 02:11:00.429142,24.396648465810653,25.975183502947363,813.4389525316403,37.38740893598921,400.4193548387097,7.483870967741935,13635.451612903225,19787.483870967742,36936.48387096774,38759.903225806454
2026-02-20 02:11:30.428519,24.347000948591873,25.94117374253259,813.4224042167336,37.35836044204711,400.06451612903226,8.612903225806452,13635.354838709678,19787.774193548386,36939.290322580644,38758.87096774193
2026-02-20 02:12:00.430829,24.361895201803794,25.942719640733262,813.4072019167039,37.46157010588104,400.5806451612903,5.67741935483871,13633.290322580646,19788.870967741936,36941.77419354839,38755.54838709677
2026-02-20 02:12:30.428443,24.425278544816518,26.02774404177018,813.402691523159,37.4972546738665,403.1290322580645,15.258064516129032,13627.774193548386,19772.58064516129,36933.22580645161,38752.58064516129
2026-02-20 02:13:00.428600,24.47426413576637,26.009193263362125,813.3785787675907,37.51313415128025,400.16129032258067,18.29032258064516,13631.41935483871,19766.612903225807,36928.6129032258,38746.6129032258
2026-02-20 02:13:30.449021,24.516630072514676,25.97054580834535,813.3631031960117,37.30238254878575,400.61290322580646,15.67741935483871,13628.645161290322,19768.645161290322,36927.354838709674,38740.6129032258
2026-02-20 02:14:00.428356,24.494619641401393,25.986004790352055,813.3991693070268,37.40991550617489,400.0,7.967741935483871,13631.838709677419,19778.709677419356,36929.12903225807,38735.8064516129
2026-02-20 02:14:30.428331,24.513154743431745,25.950449131736622,813.3921455907597,37.408943295247205,400.0,2.6451612903225805,13635.612903225807,19787.967741935485,36933.51612903226,38745.8064516129
2026-02-20 02:15:00.428642,24.53797854346715,25.961270419141318,813.3901961284304,37.42292157050294,400.2258064516129,5.0,13635.838709677419,19791.064516129034,36938.67741935484,38758.06451612903
2026-02-20 02:15:30.428342,24.493626689584364,25.914893473121186,813.4020311839317,37.40395931866387,400.1290322580645,2.6451612903225805,13639.129032258064,19800.290322580644,36942.1935483871,38770.645161290326
2026-02-20 02:16:00.428524,24.493461198624104,25.951995029937294,813.4067277177173,37.14371227258127,400.0,7.387096774193548,13638.709677419354,19802.225806451614,36946.93548387097,38781.87096774193
2026-02-20 02:16:30.428421,24.433387643159104,25.899434491114476,813.4230660952971,37.35473690093702,400.0,4.290322580645161,13643.548387096775,19804.451612903227,36950.8064516129,38782.16129032258
2026-02-20 02:17:00.428548,24.476415532360402,25.910255778519172,813.4132971136315,37.22613938613101,400.03225806451616,5.354838709677419,13644.806451612903,19815.8064516129,36956.48387096774,38802.83870967742
2026-02-20 02:17:30.428547,24.547246095308502,25.94890323353595,813.4218244884627,36.80512490967823,400.3225806451613,11.290322580645162,13641.032258064517,19806.129032258064,36960.22580645161,38803.74193548387
2026-02-20 02:18:00.428515,24.565450220882344,25.93653604793058,813.4088547088247,36.541593367438,400.4516129032258,17.0,13640.870967741936,19795.451612903227,36959.8064516129,38798.1935483871
2026-02-20 02:18:30.428499,24.572731872309834,25.94890323353595,813.4276958533043,36.73507984656964,401.0,19.06451612903226,13639.354838709678,19787.58064516129,36956.16129032258,38792.1935483871
2026-02-20 02:19:00.446339,24.568925554650054,25.94890323353595,813.4367700498727,36.91520997071302,400.3225806451613,16.225806451612904,13641.58064516129,19788.451612903227,36953.8064516129,38786.1935483871
2026-02-20 02:19:30.428397,24.605995787579882,25.951995029937294,813.4537905628229,36.66496453770639,400.0,7.225806451612903,13643.58064516129,19800.387096774193,36957.22580645161,38782.93548387097
2026-02-20 02:20:00.428857,24.58266140008439,25.93653604793058,813.4607626525342,36.82875653595527,400.19354838709677,5.806451612903226,13643.645161290322,19804.548387096773,36960.74193548387,38783.967741935485
2026-02-20 02:20:30.428359,24.53499968571592,25.964362215542664,813.4737419116788,36.96034278159679,400.0,5.258064516129032,13645.548387096775,19805.032258064515,36963.54838709677,38787.25806451613
2026-02-20 02:21:00.428541,24.48435914315069,25.88552140730844,813.4775058535367,37.27667605650698,400.16129032258067,9.451612903225806,13645.290322580646,19801.032258064515,36965.1935483871,38790.8064516129
2026-02-20 02:21:30.428467,24.415514527520564,25.89170500011112,813.4787794278394,37.549818270176566,400.7096774193548,8.064516129032258,13643.032258064517,19800.548387096773,36964.903225806454,38786.74193548387
2026-02-20 02:22:00.428584,24.405254035963743,25.880883712706424,813.4772787923289,37.46842849111952,400.35483870967744,6.548387096774194,13644.161290322581,19808.451612903227,36964.83870967742,38787.3870967742
2026-02-20 02:22:30.442748,24.380926747977238,25.85460344329501,813.477598915622,37.4802653107002,400.80645161290323,8.548387096774194,13644.193548387097,19803.064516129034,36962.45161290323,38787.25806451613
2026-02-20 02:23:00.428526,24.392345678480904,25.87006242530172,813.4895407255053,37.17218482001606,400.3225806451613,7.354838709677419,13644.322580645161,19804.16129032258,36964.8064516129,38787.54838709677
2026-02-20 02:23:30.428478,24.414025100738545,25.843782155890313,813.4730799915102,37.0861305177285,400.48387096774195,9.451612903225806,13643.90322580645,19798.064516129034,36967.6129032258,38786.51612903226
2026-02-20 02:24:00.428579,24.366528971185495,25.8978885929138,813.4660702497204,37.33405992456998,400.8709677419355,6.741935483870968,13643.645161290322,19802.0,36968.06451612903,38783.096774193546
2026-02-20 02:24:30.449106,24.28858240887395,25.83450676668629,813.4528493259262,37.43152924367469,400.64516129032256,4.870967741935484,13644.258064516129,19808.064516129034,36965.903225806454,38790.48387096774
2026-02-20 02:25:00.428538,24.22288228128755,25.83759856308763,813.4433007282706,37.52057520682675,400.0,3.5806451612903225,13649.290322580646,19821.322580645163,36966.967741935485,38804.83870967742
2026-02-20 02:25:30.428644,24.161484975448523,25.831414970284943,813.4476855807501,37.51214760049121,400.1290322580645,3.870967741935484,13648.935483870968,19824.58064516129,36972.096774193546,38820.967741935485
2026-02-20 02:26:00.428613,24.1012461494707,25.809772395475548,813.4413337620072,37.65003318834709,400.0,6.451612903225806,13651.58064516129,19823.451612903227,36976.645161290326,38822.903225806454
2026-02-20 02:26:30.428633,24.06467259519512,25.814410090077562,813.4471520381603,37.66026804441493,400.19354838709677,6.967741935483871,13651.09677419355,19824.41935483871,36981.22580645161,38826.83870967742
2026-02-20 02:27:00.428493,24.03008495086256,25.832960868485618,813.4267167289405,37.82778788088396,400.0,8.0,13651.548387096775,19823.290322580644,36981.645161290326,38826.903225806454
2026-02-20 02:27:30.428594,24.001289504606486,25.836052664886957,813.4194145399243,38.00301278914152,400.4193548387097,5.548387096774194,13653.0,19826.83870967742,36984.77419354839,38825.77419354839
2026-02-20 02:28:00.428584,23.98639531207136,25.828323173883604,813.4006275428017,38.18917720090029,400.7741935483871,7.903225806451613,13650.354838709678,19824.612903225807,36984.3870967742,38827.645161290326
2026-02-20 02:28:30.449167,23.962895591574302,25.78967571886683,813.3869866185656,38.36127983349776,400.38709677419354,9.225806451612904,13649.677419354839,19820.16129032258,36982.645161290326,38823.967741935485
2026-02-20 02:29:00.444143,23.939064894451743,25.75721185665273,813.3810612787996,38.264847568455636,400.16129032258067,5.838709677419355,13651.838709677419,19825.354838709678,36982.74193548387,38823.54838709677
2026-02-20 02:29:30.428559,23.93608605835001,25.792767515268164,813.3750219937009,38.33120771144998,400.48387096774195,6.483870967741935,13649.290322580646,19821.25806451613,36983.3870967742,38821.032258064515
2026-02-20 02:30:00.428520,23.929797403709664,25.7912216170675,813.3666537983365,38.29442694952147,400.1290322580645,6.193548387096774,13651.129032258064,19818.645161290322,36983.41935483871,38818.74193548387
2026-02-20 02:30:30.428363,23.962068137768167,25.78967571886683,813.3598289884931,38.16470806661829,400.48387096774195,9.32258064516129,13652.516129032258,19816.58064516129,36984.354838709674,38816.41935483871
2026-02-20 02:31:00.428549,24.013701333892495,25.802042904472195,813.3529657209015,38.126901983260524,401.64516129032256,11.838709677419354,13649.548387096775,19806.16129032258,36986.06451612903,38810.3870967742
2026-02-20 02:31:30.428432,24.03918696110298,25.836052664886964,813.3357903895252,38.28790621616675,402.5806451612903,21.806451612903224,13645.290322580646,19791.645161290322,36977.16129032258,38804.3870967742
2026-02-20 02:32:00.428616,24.025782182769504,25.822139581080915,813.3384864877777,38.29929291935235,400.96774193548384,18.806451612903224,13647.677419354839,19788.8064516129,36969.16129032258,38798.3870967742
2026-02-20 02:32:30.431620,24.079566802225834,25.85305754509434,813.3384484515185,37.79588301180883,400.0,10.258064516129032,13651.322580645161,19800.032258064515,36973.0,38793.77419354839
2026-02-20 02:33:00.428591,24.122098045876143,25.845328054090988,813.3256243638075,37.94749007688349,400.80645161290323,12.516129032258064,13646.612903225807,19798.870967741936,36978.41935483871,38795.903225806454
2026-02-20 02:33:30.428535,24.134344398781973,25.778854431462126,813.3246862102872,38.15656700166469,400.35483870967744,12.612903225806452,13650.870967741936,19800.709677419356,36983.290322580644,38796.032258064515
2026-02-20 02:34:00.428427,24.149404107053172,25.859241137897026,813.3157933890288,37.50606556994101,400.2903225806452,8.580645161290322,13652.774193548386,19803.064516129034,36988.354838709674,38796.0
2026-02-20 02:34:30.428398,24.1949142290621,25.862332934298365,813.2966164469292,37.2261549637533,400.258064516129,4.709677419354839,13655.032258064517,19811.387096774193,36993.77419354839,38800.354838709674
2026-02-20 02:35:00.428556,24.19309382561703,25.877791916305075,813.3142611779657,37.408958286703125,401.61290322580646,8.838709677419354,13653.225806451614,19811.09677419355,36998.1935483871,38807.48387096774
2026-02-20 02:35:30.428509,24.114485448476064,25.831414970284946,813.3308057927768,38.14109333209107,400.83870967741933,8.67741935483871,13654.612903225807,19811.516129032258,37000.58064516129,38809.51612903226
2026-02-20 02:36:00.428608,24.115478394613152,25.840690359488978,813.357595378145,37.76925397331486,400.5483870967742,5.032258064516129,13657.290322580646,19823.16129032258,37005.54838709677,38817.967741935485
2026-02-20 02:36:30.428601,24.097936324623127,25.77421673686011,813.3741469592835,38.12275053330297,401.51612903225805,6.903225806451613,13656.0,19823.225806451614,37009.83870967742,38826.74193548387
2026-02-20 02:37:00.428374,24.08519350246042,25.749482365649378,813.3929798701686,37.89473547533096,401.35483870967744,7.709677419354839,13659.161290322581,19823.387096774193,37012.645161290326,38829.709677419356
2026-02-20 02:37:30.428494,24.148245669063932,25.812864191876894,813.4140364937781,37.64050423959421,402.38709677419354,8.483870967741936,13658.741935483871,19825.548387096773,37015.67741935484,38832.967741935485
2026-02-20 02:38:00.428716,24.138647172104328,25.768033144057434,813.4434126166414,37.92328282188042,401.6774193548387,6.903225806451613,13659.516129032258,19829.322580645163,37018.032258064515,38835.096774193546
2026-02-20 02:38:30.449074,24.143446419734484,25.774216736860115,813.4623990835812,37.7704277460373,402.7741935483871,7.967741935483871,13661.935483870968,19832.032258064515,37021.74193548387,38840.12903225807
2026-02-20 02:39:00.428412,24.141626015397524,25.766487245856766,813.4664323282428,37.65657505973726,404.258064516129,11.483870967741936,13656.806451612903,19824.677419354837,37022.967741935485,38841.0
2026-02-20 02:39:30.428443,24.082214660838343,25.749482365649378,813.4810832029673,37.96889419869054,401.5806451612903,8.96774193548387,13660.548387096775,19827.16129032258,37024.25806451613,38840.12903225807
2026-02-20 02:40:00.428921,24.042331292277066,25.740206976445354,813.4766251690675,37.90712588213032,400.2258064516129,4.67741935483871,13664.193548387097,19837.41935483871,37028.0,38845.354838709674
2026-02-20 02:40:30.428450,23.99847615760612,25.70774311423126,813.4979142333594,38.29790705348314,402.51612903225805,4.354838709677419,13666.612903225807,19842.74193548387,37032.45161290323,38857.12903225807
2026-02-20 02:41:00.428580,23.960909699591163,25.681462844819848,813.4890111263136,38.565590404799096,401.48387096774195,6.612903225806452,13665.90322580645,19843.645161290322,37035.58064516129,38862.87096774193
2026-02-20 02:41:30.428470,23.942043731201274,25.75566595845206,813.4744409159788,38.30270670384542,401.19354838709677,5.709677419354839,13668.806451612903,19847.516129032258,37039.12903225807,38872.06451612903
2026-02-20 02:42:00.428409,23.933272712279088,25.712380808833274,813.4720695280845,37.771811958071545,400.4193548387097,5.580645161290323,13671.838709677419,19852.58064516129,37043.87096774193,38877.8064516129
2026-02-20 02:42:30.432158,23.95677242520915,25.754120060251385,813.4553525764252,37.66063952102851,401.2903225806452,8.451612903225806,13672.193548387097,19851.129032258064,37048.645161290326,38884.967741935485
2026-02-20 02:43:00.428754,23.93062485788194,25.758757754853406,813.4693254848708,37.72799051004536,401.2903225806452,8.516129032258064,13673.225806451614,19853.354838709678,37051.58064516129,38885.096774193546
2026-02-20 02:43:30.428380,23.9018294448324,25.760303653054077,813.4669495140912,37.83232047660134,401.96774193548384,5.967741935483871,13674.258064516129,19857.90322580645,37055.032258064515,38888.87096774193
2026-02-20 02:44:00.428614,23.867407352165056,25.730931587241326,813.4633358395081,37.7528952899883,402.741935483871,9.290322580645162,13672.161290322581,19856.645161290322,37056.58064516129,38893.6129032258
2026-02-20 02:44:30.428443,23.834143708161484,25.70774311423126,813.462095400776,37.70035011826803,400.5806451612903,5.548387096774194,13678.483870967742,19863.548387096773,37059.54838709677,38896.032258064515
2026-02-20 02:45:00.429201,23.80882362931152,25.679916946619183,813.4553203921089,37.9252632846912,401.03225806451616,7.483870967741935,13676.612903225807,19863.8064516129,37063.41935483871,38904.32258064516
2026-02-20 02:45:30.428422,23.783172576192527,25.67991694661918,813.4699014698987,37.89630757694743,401.38709677419354,6.741935483870968,13678.90322580645,19865.709677419356,37066.45161290323,38908.8064516129
2026-02-20 02:46:00.428582,23.755701134537137,25.661366168211128,813.4821423722756,38.140640791942204,403.4193548387097,11.193548387096774,13674.41935483871,19866.032258064515,37068.903225806454,38913.0
2026-02-20 02:46:30.449070,23.732697944424395,25.63508589879972,813.4875023829065,37.91195588143267,402.258064516129,10.612903225806452,13680.225806451614,19862.322580645163,37070.77419354839,38913.41935483871
2026-02-20 02:47:00.428555,23.712342611872668,25.65518257540844,813.513375416989,38.495044000875225,407.6774193548387,13.193548387096774,13674.838709677419,19858.451612903227,37072.0,38914.0
2026-02-20 02:47:30.428387,23.657234285989095,25.653636677207775,813.4985922532228,38.60579661326026,405.3225806451613,18.129032258064516,13675.709677419354,19851.1935483871,37072.0,38914.0
2026-02-20 02:48:00.428541,23.67461078252358,25.63817769520106,813.526053884538,38.32518090200595,405.258064516129,21.129032258064516,13675.741935483871,19847.064516129034,37072.87096774193,38914.0
2026-02-20 02:48:30.428394,23.756859570686263,25.66445796461247,813.5519010880739,37.89872182213752,403.4516129032258,22.64516129032258,13677.290322580646,19846.322580645163,37073.16129032258,38914.0
2026-02-20 02:49:00.447348,23.77241568528435,25.608805629388307,813.5539006556113,38.306815682297625,401.61290322580646,18.032258064516128,13680.806451612903,19852.387096774193,37075.903225806454,38914.0
2026-02-20 02:49:30.428448,23.752556812807715,25.57943356357556,813.5540616961064,38.262321928566486,405.2903225806452,26.451612903225808,13677.90322580645,19839.25806451613,37077.87096774193,38914.0
2026-02-20 02:50:00.428651,23.78085570729285,25.62890230599703,813.5555777596784,37.788663613952224,403.7741935483871,24.29032258064516,13679.354838709678,19842.90322580645,37078.903225806454,38914.0
2026-02-20 02:50:30.447702,23.750901908706687,25.55469919236482,813.5521980591128,38.33929018111711,406.0,26.161290322580644,13677.483870967742,19839.58064516129,37079.0,38914.0
2026-02-20 02:51:00.446210,23.684209228466987,25.604167934786297,813.5317897820648,38.444297008308496,407.48387096774195,25.161290322580644,13676.387096774193,19842.548387096773,37079.0,38914.0
2026-02-20 02:51:30.443682,23.638699363022404,25.563974581568846,813.519046089376,38.504727209236634,403.61290322580646,19.032258064516128,13680.774193548386,19850.709677419356,37079.354838709674,38914.0
2026-02-20 02:52:00.448443,23.629431901140055,25.577887665374885,813.4844139854191,38.06450424539071,400.8709677419355,11.32258064516129,13686.967741935483,19860.8064516129,37082.6129032258,38914.0
2026-02-20 02:52:30.431064,23.662364490116165,25.563974581568846,813.4688920136027,37.726469808500426,400.5483870967742,7.387096774193548,13690.0,19870.032258064515,37087.32258064516,38914.48387096774
2026-02-20 02:53:00.446691,23.70820534724513,25.61189742578965,813.4496991542425,37.53724721297357,400.7741935483871,7.774193548387097,13688.483870967742,19870.0,37092.6129032258,38918.67741935484
2026-02-20 02:53:30.449170,23.755535644393664,25.607259731187636,813.4180920208537,37.28826890211857,401.2258064516129,11.774193548387096,13689.225806451614,19868.8064516129,37095.645161290326,38919.54838709677
2026-02-20 02:54:00.447370,23.770098816553663,25.550061497762805,813.3918485798266,37.86550690672964,403.2258064516129,7.612903225806452,13688.967741935483,19873.0,37098.06451612903,38923.16129032258
2026-02-20 02:54:30.428683,23.720948127169734,25.563974581568843,813.3387906549447,38.16017297543919,405.38709677419354,12.741935483870968,13684.322580645161,19866.451612903227,37098.903225806454,38926.0
2026-02-20 02:55:00.430155,23.74742660547922,25.62581050959569,813.3515623157368,37.40604370586763,401.4193548387097,6.903225806451613,13692.322580645161,19876.548387096773,37100.93548387097,38928.0
2026-02-20 02:55:30.432904,23.780028254294116,25.616535120391667,813.322991762989,37.25625903877451,401.16129032258067,5.870967741935484,13690.709677419354,19878.0,37104.67741935484,38929.903225806454
2026-02-20 02:56:00.428755,23.809320101262852,25.59643844378294,813.2726951282926,37.046948746780934,400.4516129032258,6.258064516129032,13696.645161290322,19881.870967741936,37109.096774193546,38933.709677419356
2026-02-20 02:56:30.428388,23.808492647719593,25.567066377970185,813.2536744769536,37.0283838386098,401.61290322580646,5.612903225806452,13696.290322580646,19886.41935483871,37113.709677419356,38943.12903225807
2026-02-20 02:57:00.428423,23.8189185614953,25.579433563575556,813.2383297329891,37.254465395717105,404.93548387096774,11.064516129032258,13692.290322580646,19879.677419354837,37116.74193548387,38949.0
2026-02-20 02:57:30.428351,23.787971805862803,25.568612276170857,813.2449947711688,37.43635893117785,406.9032258064516,17.903225806451612,13690.709677419354,19871.935483870966,37116.83870967742,38949.0
2026-02-20 02:58:00.428381,23.750901908885066,25.551607395963476,813.2358934881867,37.59026471637649,403.80645161290323,10.870967741935484,13693.935483870968,19882.774193548386,37117.77419354839,38949.6129032258
2026-02-20 02:58:30.428320,23.664515867482894,25.512959940946693,813.2580350802227,37.88960346333844,405.0967741935484,9.96774193548387,13692.516129032258,19884.41935483871,37118.58064516129,38950.0
2026-02-20 02:59:00.428361,23.637706419410776,25.495955060739316,813.2669475834764,37.69916382201,403.51612903225805,8.35483870967742,13695.322580645161,19884.387096774193,37120.32258064516,38951.25806451613
2026-02-20 02:59:30.428539,23.617516596464537,25.483587875133946,813.2918293224092,37.828999147903694,402.7741935483871,9.387096774193548,13695.225806451614,19886.709677419356,37121.32258064516,38953.51612903226
2026-02-20 03:00:00.428369,23.58011578821348,25.46194530032455,813.3244360060934,37.966058837500455,401.80645161290323,7.548387096774194,13699.451612903225,19891.774193548386,37123.74193548387,38955.16129032258
2026-02-20 03:00:30.428782,23.553637347945514,25.455761707521866,813.3580906279176,37.81674738176868,400.61290322580646,5.387096774193548,13701.354838709678,19895.064516129034,37128.12903225807,38960.903225806454
2026-02-20 03:01:00.428647,23.554464798963313,25.468128893127233,813.3818599157346,37.9560346491477,402.8709677419355,8.935483870967742,13699.90322580645,19891.322580645163,37130.77419354839,38962.77419354839
2026-02-20 03:01:30.428505,23.572172254961426,25.492863264337974,813.4054423760812,37.67991043220916,403.741935483871,12.096774193548388,13701.09677419355,19889.516129032258,37132.967741935485,38963.0
2026-02-20 03:02:00.428426,23.568034998417247,25.461945300324548,813.4225933764075,37.86805634906419,404.96774193548384,14.870967741935484,13699.516129032258,19883.032258064515,37134.41935483871,38963.0
2026-02-20 03:02:30.430790,23.55032754374289,25.477404282331257,813.4358723259646,37.96073517300116,405.7096774193548,13.290322580645162,13699.612903225807,19884.25806451613,37135.096774193546,38963.0
2026-02-20 03:03:00.430921,23.53460597449861,25.420206048906426,813.4152513158026,38.04977401249463,401.93548387096774,5.967741935483871,13703.612903225807,19894.129032258064,37137.1935483871,38963.709677419356
2026-02-20 03:03:30.428403,23.52831734769467,25.452669911120523,813.4255643144729,38.05538431538735,402.9032258064516,7.32258064516129,13702.967741935483,19902.548387096773,37140.032258064515,38976.48387096774
2026-02-20 03:04:00.428401,23.518884408343094,25.441848623715824,813.4189836023753,38.025851950424574,402.51612903225805,9.35483870967742,13704.90322580645,19898.1935483871,37141.93548387097,38977.903225806454
2026-02-20 03:04:30.428440,23.50514872617186,25.44957811471918,813.4091854682331,38.19919904845331,401.258064516129,4.967741935483871,13708.225806451614,19901.225806451614,37144.87096774193,38979.12903225807
2026-02-20 03:05:00.447019,23.49224049676465,25.42638964170911,813.4054932194441,38.28082629140076,401.80645161290323,5.161290322580645,13707.774193548386,19904.58064516129,37147.93548387097,38982.290322580644
2026-02-20 03:05:30.449289,23.474202076749567,25.44803221651851,813.3849817655918,38.56421034707804,403.80645161290323,8.709677419354838,13707.258064516129,19904.1935483871,37149.93548387097,38982.77419354839
2026-02-20 03:06:00.428489,23.460631891556513,25.4109306597024,813.3756582948604,38.32970020562695,401.3225806451613,6.870967741935484,13710.58064516129,19904.870967741936,37153.06451612903,38986.12903225807
2026-02-20 03:06:30.428902,23.474036586756306,25.429481438110454,813.3522205454494,38.26518086186426,403.06451612903226,10.548387096774194,13709.806451612903,19898.16129032258,37155.87096774193,38988.0
2026-02-20 03:07:00.429801,23.476518937706714,25.346002935274214,813.3265524589907,38.18322393529394,404.16129032258067,14.32258064516129,13707.838709677419,19896.354838709678,37157.290322580644,38988.0
2026-02-20 03:07:30.429409,23.496708732506733,25.38465039029099,813.2937856824691,37.80806022905319,400.7096774193548,11.806451612903226,13713.741935483871,19898.83870967742,37160.8064516129,38988.0
2026-02-20 03:08:00.448352,23.57763343570461,25.412476557903073,813.2628253737308,37.38666945170629,402.64516129032256,13.806451612903226,13709.935483870968,19896.032258064515,37164.0,38988.0
2026-02-20 03:08:30.428394,23.62512915175795,25.46503709672589,813.2757340220893,36.925574829468815,407.258064516129,21.548387096774192,13706.774193548386,19884.935483870966,37165.0,38988.0
2026-02-20 03:09:00.445741,23.639195832889527,25.50368455174267,813.2640211916822,36.91613610237783,406.258064516129,22.161290322580644,13709.064516129032,19881.774193548386,37165.67741935484,38988.0
2026-02-20 03:09:30.428799,23.67725862863083,25.514505839147365,813.2713385013894,37.28696702357785,405.80645161290323,22.225806451612904,13709.129032258064,19881.74193548387,37165.709677419356,38988.0
2026-02-20 03:10:00.428408,23.702413179474178,25.50059275534133,813.263450947235,37.306874424912344,407.8709677419355,27.35483870967742,13707.90322580645,19878.967741935485,37165.93548387097,38988.0
2026-02-20 03:10:30.428521,23.75007445507893,25.483587875133946,813.2582828503362,37.352303060035595,404.51612903225805,25.387096774193548,13711.774193548386,19880.322580645163,37166.32258064516,38988.0
2026-02-20 03:11:00.428698,23.744944248229242,25.42484374350844,813.2563490669326,37.65878460126884,410.80645161290323,30.129032258064516,13706.516129032258,19874.451612903227,37166.51612903226,38988.0
2026-02-20 03:11:30.443624,23.643498588233225,25.42329784530777,813.2374266540794,37.89868154054535,409.4516129032258,30.35483870967742,13707.387096774193,19869.74193548387,37165.45161290323,38988.0
2026-02-20 03:12:00.446970,23.561249898760693,25.36764551008361,813.2198950492266,37.62985083143734,403.4193548387097,24.838709677419356,13711.967741935483,19878.774193548386,37165.45161290323,38988.0
2026-02-20 03:12:30.428527,23.536757348335325,25.33208985146817,813.2195069222296,38.05462564788407,401.4193548387097,16.516129032258064,13715.290322580646,19892.322580645163,37168.25806451613,38988.0
2026-02-20 03:13:00.430784,23.49869461131804,25.3521865280769,813.1959379534669,37.86462368230533,401.9032258064516,10.774193548387096,13717.41935483871,19900.74193548387,37171.67741935484,38988.45161290323
2026-02-20 03:13:30.428516,23.49836363087149,25.344457037073543,813.1903808943314,37.54015102942728,403.51612903225805,12.903225806451612,13716.41935483871,19899.064516129034,37174.54838709677,38989.0
2026-02-20 03:14:00.446406,23.480656190354736,25.336727546070186,813.1660363179016,37.451740347617815,402.35483870967744,10.35483870967742,13718.806451612903,19900.774193548386,37177.74193548387,38989.0
2026-02-20 03:14:30.428523,23.459638951550005,25.31508497126079,813.1584020609865,37.48964759351525,403.0,6.903225806451613,13718.258064516129,19905.41935483871,37180.45161290323,38989.58064516129
2026-02-20 03:15:00.428532,23.436635837304376,25.30580958205676,813.1540943731965,37.6342195182822,401.5806451612903,6.129032258064516,13722.225806451614,19909.064516129034,37183.32258064516,38991.45161290323
2026-02-20 03:15:30.428488,23.443917397965468,25.271799821642,813.1360680882908,37.839391442923066,408.03225806451616,12.580645161290322,13715.322580645161,19902.225806451614,37185.0,38995.0
2026-02-20 03:16:00.428529,23.430512707347177,25.30580958205676,813.112600232517,37.7045056722046,403.93548387096774,14.419354838709678,13719.258064516129,19897.967741935485,37185.54838709677,38995.0
2026-02-20 03:16:30.449131,23.400228043387255,25.30735548025743,813.1022985664315,37.95228377157685,401.61290322580646,6.096774193548387,13724.90322580645,19912.74193548387,37188.54838709677,38996.58064516129
2026-02-20 03:17:00.428453,23.392450016267006,25.287258803648708,813.0720294820842,37.54303700917685,400.4193548387097,4.225806451612903,13729.225806451614,19922.548387096773,37193.3870967742,39012.354838709674
2026-02-20 03:17:30.428551,23.428361338242183,25.353732426277567,813.051214274305,36.631720148245,400.0,1.6451612903225807,13754.451612903225,19956.451612903227,37199.48387096774,39058.74193548387
2026-02-20 03:18:00.428369,23.429685258329094,25.294988294652065,813.0396610939111,36.19469653517521,400.0,5.774193548387097,13744.967741935483,19960.870967741936,37205.67741935484,39087.3870967742
2026-02-20 03:18:30.448974,23.40568921116515,25.302717785655418,813.0201848664923,35.50652939680716,400.0,7.645161290322581,13747.322580645161,19962.1935483871,37211.8064516129,39098.93548387097
2026-02-20 03:19:00.428410,23.385168459802497,25.282621109046694,813.0243956427988,35.117138217045266,400.0,5.225806451612903,13753.741935483871,19967.451612903227,37218.0,39101.645161290326
2026-02-20 03:19:30.428351,23.390960606956675,25.338273444270857,813.0205548496441,35.23713427869012,400.0,9.35483870967742,13748.129032258064,19965.516129032258,37224.16129032258,39107.8064516129
2026-02-20 03:20:00.428586,23.392780996084536,25.325906258665487,813.0085273664149,35.773010851780754,400.0,10.064516129032258,13747.09677419355,19962.83870967742,37230.32258064516,39108.12903225807
2026-02-20 03:20:30.449004,23.379045333131216,25.257886737835957,813.0095911775918,36.02795125301827,400.2258064516129,13.64516129032258,13748.193548387097,19957.870967741936,37236.3870967742,39108.0
2026-02-20 03:21:00.428550,23.387650808490317,25.322814462264144,813.0017655811839,36.583998357174956,406.80645161290323,23.870967741935484,13738.387096774193,19941.83870967742,37240.32258064516,39108.0
2026-02-20 03:21:30.428308,23.385830419315514,25.34445703707354,812.9625414662561,36.76640285990603,407.80645161290323,40.54838709677419,13734.193548387097,19912.548387096773,37239.77419354839,39108.0
2026-02-20 03:22:00.428448,23.397911184026125,25.307355480257435,812.9727700022697,36.76901814032475,402.83870967741933,44.225806451612904,13738.935483870968,19913.709677419356,37239.6129032258,39108.0
2026-02-20 03:22:30.428359,23.406351171419843,25.308901378458106,812.9688901811993,36.81275953919157,402.03225806451616,38.16129032258065,13742.838709677419,19923.1935483871,37241.16129032258,39108.0
2026-02-20 03:23:00.432409,23.474036591159436,25.311993174859445,812.9541527713961,36.56984632523675,401.7096774193548,36.70967741935484,13742.741935483871,19923.1935483871,37243.45161290323,39108.0
2026-02-20 03:23:30.428345,23.584087559824713,25.376920899287633,812.9579290272883,36.477808520222695,404.6774193548387,39.83870967741935,13736.935483870968,19917.451612903227,37244.74193548387,39108.0
2026-02-20 03:24:00.428534,23.67792059274413,25.35837012087958,812.9353607172234,36.606358582827006,409.7741935483871,43.83870967741935,13735.322580645161,19911.612903225807,37245.0,39108.0
2026-02-20 03:24:30.428403,23.731374020891963,25.406292965100384,812.9436943542045,36.340243576460765,408.03225806451616,51.16129032258065,13734.741935483871,19900.1935483871,37244.645161290326,39108.0
2026-02-20 03:25:00.446324,23.80236949600024,25.383104492090318,812.9498994930507,36.21659029525545,411.4516129032258,55.58064516129032,13735.193548387097,19892.8064516129,37243.87096774193,39108.0
2026-02-20 03:25:30.428492,23.853175144341225,25.380012695688976,812.9323913551482,35.92544873682134,411.741935483871,56.12903225806452,13734.451612903225,19893.90322580645,37243.0,39108.0
2026-02-20 03:26:00.428461,23.872537566375197,25.380012695688976,812.960595505868,35.65538637549281,407.741935483871,57.354838709677416,13733.483870967742,19890.709677419356,37242.51612903226,39108.0
2026-02-20 03:26:30.428396,23.884949377973587,25.43721092911381,812.9653666716193,35.711409239464885,408.03225806451616,55.903225806451616,13736.387096774193,19893.83870967742,37242.0,39108.0
2026-02-20 03:27:00.447425,23.918875004632415,25.381558593889647,812.9638307590199,35.723772540776785,409.3225806451613,52.87096774193548,13735.354838709678,19898.8064516129,37242.32258064516,39108.0
2026-02-20 03:27:30.428431,23.96769483063291,25.400109372297702,812.9872850221839,35.65662561845125,406.7741935483871,53.354838709677416,13734.806451612903,19895.709677419356,37242.032258064515,39108.0
2026-02-20 03:28:00.428540,24.00675070877356,25.417114252505083,813.0025650514152,35.49784743645771,408.4516129032258,50.03225806451613,13736.032258064517,19900.41935483871,37242.12903225807,39108.0
2026-02-20 03:28:30.428475,24.01022602069462,25.454215809321195,813.0307691958626,35.5402538950441,406.80645161290323,51.32258064516129,13736.41935483871,19900.354838709678,37242.0,39108.0
2026-02-20 03:29:00.447304,23.9678603210862,25.471220689528575,813.0347480224763,35.874286265996005,405.64516129032256,50.483870967741936,13738.451612903225,19901.516129032258,37242.51612903226,39108.0
2026-02-20 03:29:30.448532,23.912751841637675,25.39547167769569,813.0579074282203,35.8865778942737,408.0,51.32258064516129,13736.387096774193,19901.645161290322,37242.3870967742,39108.0
2026-02-20 03:30:00.428564,23.907952606240514,25.38619628849166,813.06553183069,35.8010850711288,403.1290322580645,47.12903225806452,13739.58064516129,19905.8064516129,37243.32258064516,39108.0
2026-02-20 03:30:30.428437,23.86542146224735,25.39701757589636,813.0663817982266,36.154682327198486,404.7096774193548,40.935483870967744,13739.967741935483,19912.1935483871,37244.87096774193,39108.0
2026-02-20 03:31:00.446604,23.821069942701858,25.350640629876224,813.0975515381595,36.397046526577526,404.03225806451616,42.16129032258065,13740.645161290322,19916.870967741936,37245.41935483871,39108.0
2026-02-20 03:31:30.428709,23.77225019466207,25.327452156866155,813.0809497416126,36.5909967785895,403.35483870967744,38.645161290322584,13743.225806451614,19922.870967741936,37246.45161290323,39108.0
2026-02-20 03:32:00.428598,23.77258117556865,25.361461917280923,813.0769979278145,36.57643702315504,403.83870967741933,38.903225806451616,13740.58064516129,19921.0,37247.967741935485,39108.0
2026-02-20 03:32:30.428580,23.783669048397343,25.42638964170911,813.08001422748,36.803437511454,403.06451612903226,42.12903225806452,13741.967741935483,19914.935483870966,37249.8064516129,39108.0
2026-02-20 03:33:00.430939,23.816767182457447,25.38465039029099,813.0764519816087,36.70694829174305,408.38709677419354,45.645161290322584,13739.129032258064,19910.74193548387,37250.096774193546,39108.0
2026-02-20 03:33:30.428691,23.82355230145397,25.37537500108696,813.0772455260458,36.67174704627295,407.03225806451616,48.54838709677419,13741.09677419355,19903.25806451613,37250.58064516129,39108.0
2026-02-20 03:34:00.428580,23.80567930723473,25.392379881294346,813.0714577847343,36.59519557877998,405.83870967741933,50.03225806451613,13741.193548387097,19904.25806451613,37251.22580645161,39108.0
2026-02-20 03:34:30.428467,23.733856382235253,25.34445703707354,813.0624992436947,36.64085635514745,401.64516129032256,41.03225806451613,13746.774193548386,19913.90322580645,37253.83870967742,39108.0
2026-02-20 03:35:00.443448,23.651607613759904,25.387742186692332,813.0726191483336,36.79438175214987,401.4516129032258,35.70967741935484,13749.129032258064,19923.451612903227,37258.06451612903,39108.0
2026-02-20 03:35:30.428558,23.613875808980083,25.342911138872868,813.0738668055368,36.88544222058702,401.83870967741933,32.61290322580645,13750.41935483871,19929.09677419355,37262.354838709674,39108.0
2026-02-20 03:36:00.428547,23.56555264666883,25.392379881294346,813.0795793323554,37.28327951905727,407.03225806451616,36.45161290322581,13746.225806451614,19923.225806451614,37264.0,39108.0
2026-02-20 03:36:30.428459,23.520870290130503,25.366099611882937,813.0833772846743,37.49610622214544,409.64516129032256,43.38709677419355,13742.709677419354,19915.225806451614,37263.903225806454,39108.0
2026-02-20 03:37:00.447177,23.52302166227732,25.378466797488308,813.0989902986429,37.560787491489336,409.06451612903226,51.064516129032256,13742.483870967742,19903.322580645163,37262.87096774193,39108.0
2026-02-20 03:37:30.428542,23.569358923076276,25.341365240672197,813.0995426795823,37.535220884166534,407.03225806451616,53.16129032258065,13744.032258064517,19897.290322580644,37262.0,39108.0
2026-02-20 03:38:00.428467,23.65524842602017,25.392379881294346,813.1250151307133,37.38796404146969,409.51612903225805,56.29032258064516,13741.58064516129,19893.0,37261.77419354839,39108.0
2026-02-20 03:38:30.428503,23.704399095228574,25.32281446226414,813.1402137782262,35.64597508494378,408.5806451612903,62.903225806451616,13757.967741935483,19883.516129032258,37261.096774193546,39108.0
2026-02-20 03:39:00.448161,23.01083156950265,24.78793368483192,813.1469673270598,26.04915271028671,400.0,3.5806451612903225,13891.09677419355,20106.451612903227,37265.032258064515,39156.77419354839
2026-02-20 03:39:30.428534,22.009958116877485,24.092279494529954,813.1412953074948,25.819537718303994,400.0,0.0,13923.032258064517,20335.322580645163,37271.1935483871,39276.0
2026-02-20 03:40:00.428495,21.249877580263156,23.48164970526485,813.1489000167423,25.932471024158147,400.0,0.0,13977.032258064517,20484.516129032258,37277.354838709674,39396.0
2026-02-20 03:40:30.428507,20.49228582371049,23.033339227070226,813.1545709241722,25.904497198750764,400.0,0.0,13957.129032258064,20527.612903225807,37283.54838709677,39516.0
2026-02-20 03:41:00.445631,19.83001873091111,22.564932072266863,813.150720076766,26.01071504200579,400.0,0.0,14014.258064516129,20611.032258064515,37289.74193548387,39636.0
2026-02-20 03:41:30.429135,19.33108756247431,22.016138211028625,813.1790740971558,26.231588622499743,400.0,0.0,14096.806451612903,20825.74193548387,37295.903225806454,39756.0
2026-02-20 03:42:00.428632,18.85284440721584,21.77806988812529,813.2214374516229,26.49222759524437,400.0,0.0,14087.258064516129,20899.774193548386,37302.032258064515,39876.0
2026-02-20 03:42:30.428614,18.46611465005234,21.591016205844085,813.2185509057863,25.974613870238628,400.0,0.0,14161.838709677419,21013.612903225807,37308.1935483871,39996.0
2026-02-20 03:43:00.431684,18.122907890902546,21.44260997857965,813.221164172174,26.028165264332337,400.0,0.0,14193.548387096775,21135.8064516129,37314.3870967742,40116.0
2026-02-20 03:43:30.428465,17.801214780667873,21.235459619689724,813.2205501580548,26.003178860850298,400.0,0.0,14175.129032258064,21140.25806451613,37320.58064516129,40236.0
2026-02-20 03:44:00.428534,17.555146792515803,21.022125667997113,813.2126002896038,26.078995530740958,400.0,0.0,14210.870967741936,21174.451612903227,37326.74193548387,40356.0
2026-02-20 03:44:30.428519,17.359716048526142,20.8783571353347,813.1923558850826,26.823817071589133,400.0,0.0,14136.90322580645,21063.225806451614,37332.903225806454,40476.0
2026-02-20 03:45:00.445905,17.28475409631914,20.784057345093757,813.198080171411,26.39375988142594,400.0,0.0,14213.677419354839,21088.612903225807,37339.06451612903,40596.0
2026-02-20 03:45:30.428485,17.114476672240396,20.581544680805834,813.2116714152497,25.612662339968878,400.0,0.0,14261.709677419354,21214.870967741936,37345.1935483871,40716.0
2026-02-20 03:46:00.428402,16.87089269420117,20.269273244270266,813.1941405606636,26.12279467105705,400.0,0.0,14287.064516129032,21307.548387096773,37351.3870967742,40836.0
2026-02-20 03:46:30.428520,17.182819348548712,20.53362183658503,813.2046448915919,28.745916147943525,400.0,0.0,14369.90322580645,21458.129032258064,37357.58064516129,40956.0
2026-02-20 03:47:00.447293,17.615712271050377,20.873719440732685,813.2326802753144,28.121730846107567,400.0,0.0,14412.709677419354,21570.709677419356,37363.77419354839,41076.0
2026-02-20 03:47:30.449041,17.922015025806164,21.09632878162933,813.2321819580044,27.510763210389396,400.0,0.0,14412.290322580646,21602.225806451614,37369.903225806454,41196.0
2026-02-20 03:48:00.428415,18.10487049772693,21.249372703495762,813.2192289422063,26.500710521603256,400.0,0.0,14410.774193548386,21603.83870967742,37376.06451612903,41316.0
2026-02-20 03:48:30.428594,18.22616759781358,21.385411745154823,813.2409733944538,26.67719708316077,400.0,0.0,14417.09677419355,21593.387096774193,37382.22580645161,41436.0
2026-02-20 03:49:00.428478,18.339852754998343,21.461160756987706,813.2485719693547,26.79068396611943,400.0,0.0,14430.41935483871,21584.25806451613,37388.41935483871,41556.0
2026-02-20 03:49:30.428529,18.481669819085752,21.51681309221187,813.2315443784606,27.446605147966075,400.0,0.0,14367.935483870968,21491.354838709678,37394.6129032258,41676.0
2026-02-20 03:50:00.444560,18.69282375469864,21.62038827165682,813.2570554306334,30.304383662334523,400.0,47.096774193548384,14276.161290322581,21268.967741935485,37400.77419354839,41754.903225806454
2026-02-20 03:50:30.428483,18.950478558639823,21.72396345110179,813.2793824605363,31.520526429040164,400.0,173.32258064516128,14225.870967741936,21065.516129032258,37406.93548387097,41757.0
2026-02-20 03:51:00.428533,19.11844269936386,21.80125836113534,813.326271182016,28.210595592772634,400.0,163.5483870967742,14316.129032258064,21086.0,37413.096774193546,41757.0
2026-02-20 03:51:30.428527,19.129033553502296,21.819809139543395,813.3404029171801,26.30347333832649,400.0,99.03225806451613,14349.354838709678,21181.290322580644,37419.22580645161,41757.0
2026-02-20 03:52:00.428644,19.148229483573232,21.824446834145416,813.3662061559401,26.63795172209708,400.0,48.83870967741935,14368.935483870968,21257.548387096773,37425.41935483871,41757.0
2026-02-20 03:52:30.428534,19.22782644003746,21.883190965770915,813.3813532776189,28.445861480265407,400.0,56.03225806451613,14363.516129032258,21248.58064516129,37431.6129032258,41757.0
2026-02-20 03:53:00.431749,19.31420824205364,21.877007372968233,813.3915596936075,28.02169942710775,400.0,27.129032258064516,14396.709677419354,21294.064516129034,37437.8064516129,41757.32258064516
2026-02-20 03:53:30.428514,19.351276319093753,21.870823780165544,813.4049573356639,27.063804467123617,400.0,17.70967741935484,14411.645161290322,21312.322580645163,37443.93548387097,41763.709677419356
2026-02-20 03:54:00.448789,19.339527061571474,21.875461474767555,813.4124136018658,26.010769697331238,400.0,1.4516129032258065,14430.645161290322,21379.548387096773,37450.096774193546,41836.06451612903
2026-02-20 03:54:30.428452,18.993669558511748,21.459614858787035,813.4002935858283,20.72934600695569,400.0,56.16129032258065,14369.741935483871,21319.74193548387,37456.25806451613,41891.06451612903
2026-02-20 03:55:00.428534,18.40703799959644,20.915458692150803,813.411294519772,20.192462611432617,400.0,55.03225806451613,14414.290322580646,21321.25806451613,37462.41935483871,41894.12903225807
2026-02-20 03:55:30.428523,18.06581721239021,20.488790788765566,813.3912593690825,19.97960820915033,400.0,0.0,14485.41935483871,21503.09677419355,37468.6129032258,41958.0
2026-02-20 03:56:00.443596,17.710035537083204,20.06985237638369,813.3930937862921,19.786239537951307,400.0,0.0,14473.225806451614,21571.935483870966,37474.8064516129,42078.0
2026-02-20 03:56:30.428371,17.423921858084448,19.79468249666424,813.356968758478,20.685062220065287,400.0,0.0,14500.322580645161,21612.774193548386,37480.967741935485,42198.0
2026-02-20 03:57:00.428332,17.2936899474223,19.737484263239413,813.377901680991,22.396343972448687,400.0,0.0,14546.741935483871,21714.8064516129,37487.12903225807,42318.0
2026-02-20 03:57:30.428526,17.438318512829643,20.102316238597787,813.3668762122688,23.932105479294403,400.0,0.0,14547.677419354839,21734.0,37493.25806451613,42438.0
2026-02-20 03:58:00.443339,17.554650336383812,20.25999785506624,813.3530438930754,22.896327739876547,400.0,4.870967741935484,14562.387096774193,21741.935483870966,37499.45161290323,42552.0
2026-02-20 03:58:30.428378,17.615381241596733,20.38830740572195,813.3509245850507,23.170985691778245,400.0,4.967741935483871,14586.806451612903,21762.09677419355,37505.645161290326,42604.709677419356
2026-02-20 03:59:00.428435,17.66899656245744,20.39912869312664,813.4012192750411,22.22235484556817,400.0,10.935483870967742,14581.741935483871,21761.870967741936,37511.8064516129,42629.06451612903
2026-02-20 03:59:30.428510,17.682896837688826,20.454781028350805,813.4071682348335,23.051700880797686,400.0,43.193548387096776,14540.451612903225,21718.09677419355,37517.967741935485,42629.0
2026-02-20 04:00:00.441955,17.67875985093715,20.462510519354158,813.4069016031963,22.82313483929092,400.0,97.35483870967742,14530.354838709678,21629.612903225807,37524.12903225807,42629.0
2026-02-20 04:00:30.428521,17.655096290652796,20.510433363574965,813.4038466392906,22.736672594568958,400.0,118.03225806451613,14524.612903225807,21599.16129032258,37530.290322580644,42629.0
2026-02-20 04:01:00.428419,17.585429479283537,20.460964621153487,813.3992327611192,21.5466265130175,400.0,114.74193548387096,14541.354838709678,21605.0,37536.45161290323,42629.0
2026-02-20 04:01:30.428480,17.555808688723296,20.443959740946106,813.3909042030625,22.082802988602147,400.0,91.45161290322581,14551.354838709678,21635.290322580644,37542.645161290326,42629.0
2026-02-20 04:02:00.448235,17.53214515934533,20.490336686966238,813.3950707995384,21.29101891152439,400.0,91.93548387096774,14558.838709677419,21639.935483870966,37548.8064516129,42629.0
2026-02-20 04:02:30.428400,17.514769845186816,20.439322046344092,813.389361016205,21.547636669223888,400.0,44.903225806451616,14592.483870967742,21708.870967741936,37555.0,42629.0
2026-02-20 04:03:00.431754,17.455197367607802,20.451689231949462,813.392658108051,20.704542989399478,400.0,46.87096774193548,14596.677419354839,21704.225806451614,37561.12903225807,42629.0
2026-02-20 04:03:30.428446,17.37444362120098,20.442413842745434,813.3996565721706,20.358989142812995,400.0,5.032258064516129,14621.193548387097,21779.290322580644,37567.290322580644,42647.77419354839
2026-02-20 04:04:00.428451,17.269033617905205,20.385215609320603,813.4068818045508,20.498989851543115,400.0,3.225806451612903,14625.967741935483,21811.548387096773,37573.48387096774,42686.87096774193
2026-02-20 04:04:30.449350,17.161472514996515,20.329563274096444,813.400328290843,21.236390819683375,400.0,8.32258064516129,14622.064516129032,21833.90322580645,37579.67741935484,42756.74193548387
2026-02-20 04:05:00.428685,17.142773437217034,20.338838663300468,813.3729026556358,22.98287092116506,400.0,94.54838709677419,14534.516129032258,21698.709677419356,37585.8064516129,42761.0
2026-02-20 04:05:30.428518,17.191424131781172,20.365118932711876,813.3827038864173,25.22329356536053,400.0,242.06451612903226,14458.0,21487.451612903227,37592.0,42761.0
2026-02-20 04:06:00.446205,17.321159434680368,20.321833783093084,813.3915157716947,26.327763582113036,400.0,444.7096774193548,14415.41935483871,21302.09677419355,37598.16129032258,42761.0
2026-02-20 04:06:30.448156,17.416309793519172,20.348114052504496,813.3946549783772,27.25469617303741,400.0,592.516129032258,14395.0,21187.064516129034,37604.32258064516,42761.0
2026-02-20 04:07:00.428624,17.482832373784586,20.36975662731389,813.3891356108129,28.1306380504676,400.0,748.516129032258,14373.225806451614,21112.709677419356,37610.48387096774,42761.0
2026-02-20 04:07:30.428623,17.583940171986825,20.411495878732012,813.4058230975893,28.862414148466762,400.0,882.0645161290323,14357.129032258064,21054.064516129034,37616.67741935484,42761.0
2026-02-20 04:08:00.428644,17.755376898964318,20.425408962538054,813.4276875309262,27.8014236940096,400.0,1028.483870967742,14354.806451612903,20989.387096774193,37622.83870967742,42761.0
2026-02-20 04:08:30.448957,17.93608080441857,20.55835620779577,813.4212605792419,27.870386071814572,400.0,1151.6451612903227,14343.741935483871,20935.387096774193,37629.0,42761.0
2026-02-20 04:09:00.428714,18.094114284158774,20.5568103095951,813.4001943773452,28.472765534056062,400.0,1253.774193548387,14324.677419354839,20883.8064516129,37635.16129032258,42761.0
2026-02-20 04:09:30.428717,18.24503238073873,20.623283932223963,813.4148106987035,28.582683390625306,400.0,1429.8064516129032,14308.41935483871,20829.8064516129,37641.32258064516,42761.0
2026-02-20 04:10:00.428613,18.351436397906642,20.64956420163537,813.4038004491822,28.77197438150095,400.0,1518.2903225806451,14312.870967741936,20811.58064516129,37647.51612903226,42761.0
2026-02-20 04:10:30.428659,18.429543327542977,20.668114980043423,813.4066508195068,29.00208776353045,400.0,1599.1612903225807,14298.677419354839,20793.870967741936,37653.67741935484,42761.0
2026-02-20 04:11:00.448424,18.53892623227007,20.69284935125416,813.4029516172777,29.31669887965528,400.0,1784.774193548387,14284.548387096775,20747.74193548387,37659.83870967742,42761.0
2026-02-20 04:11:30.428622,18.646158008083265,20.791786836097113,813.3672650211768,28.968992346172705,400.0,1918.3225806451612,14288.225806451614,20722.58064516129,37666.0,42761.0
2026-02-20 04:12:00.428643,18.69795364937689,20.8891784227394,813.353687228093,28.821021415162566,400.0,1942.741935483871,14285.41935483871,20712.90322580645,37672.1935483871,42761.0
2026-02-20 04:12:30.428604,18.764808136736036,20.859806356926647,813.3510071440583,29.185194292218785,400.0,2078.0967741935483,14273.935483870968,20686.870967741936,37678.354838709674,42761.0
2026-02-20 04:13:00.447135,18.848045346394724,20.94328485976289,813.3251072217204,29.13612814694416,400.0,2217.516129032258,14267.741935483871,20653.677419354837,37684.51612903226,42761.0
2026-02-20 04:13:30.431142,18.907949707934616,20.927825877756177,813.323113606024,29.859504443287758,400.0,2298.5806451612902,14258.322580645161,20634.90322580645,37690.709677419356,42761.0
2026-02-20 04:14:00.428366,18.99383476424508,21.045314141007186,813.3120775556029,30.700356380938757,400.0,2470.1612903225805,14239.967741935483,20597.032258064515,37696.87096774193,42761.0
2026-02-20 04:14:30.428359,19.07458995286875,21.05304363201053,813.3009636639212,30.86964920925532,400.0,2646.7741935483873,14233.838709677419,20559.935483870966,37703.0,42761.0
2026-02-20 04:15:00.428778,19.136314769743027,21.05149773380986,813.2896882085149,31.001058358021947,400.0,2797.1935483870966,14222.677419354839,20528.387096774193,37709.1935483871,42761.0
2026-02-20 04:15:30.428342,19.201018307449093,21.117971356438723,813.2900995530075,31.046501757022906,400.0,2904.2580645161293,14219.483870967742,20501.129032258064,37715.354838709674,42761.0
2026-02-20 04:16:00.428414,19.25066299737157,21.133430338445436,813.2911343784361,31.218264126522065,400.0,2959.451612903226,14217.774193548386,20491.709677419356,37721.54838709677,42761.0
2026-02-20 04:16:30.428317,19.296667101358313,21.20144985927496,813.280411850653,31.423286830820626,400.0,2978.4193548387098,14213.774193548386,20487.645161290322,37727.709677419356,42761.0
2026-02-20 04:17:00.446428,19.344326054073697,21.23855141609106,813.292589617533,31.50850907052177,400.0,3011.064516129032,14210.387096774193,20478.8064516129,37733.87096774193,42761.0
2026-02-20 04:17:30.448948,19.38453831403674,21.250918601696437,813.2835921839325,31.5572630063899,400.0,3085.7741935483873,14207.935483870968,20464.225806451614,37740.032258064515,42761.0
2026-02-20 04:18:00.428454,19.40538912301042,21.27565297290717,813.2694667380858,31.59362363838577,400.0,3179.5806451612902,14206.709677419354,20454.064516129034,37746.1935483871,42761.0
2026-02-20 04:18:30.448903,19.432859243596003,21.320484020726635,813.2608421757743,31.752207329986017,400.0,3308.967741935484,14197.516129032258,20440.1935483871,37752.354838709674,42761.0
2026-02-20 04:19:00.428373,19.452220719013805,21.362223272144757,813.2401113518368,31.838969741928157,400.0,3351.064516129032,14203.322580645161,20437.16129032258,37758.54838709677,42761.0
2026-02-20 04:19:30.428430,19.46231517140686,21.348310188338715,813.2275107908791,32.16459408806148,400.0,3372.548387096774,14197.451612903225,20434.09677419355,37764.74193548387,42761.0
2026-02-20 04:20:00.449127,19.493425924954334,21.38541174515482,813.2223919983048,32.415535321785185,400.0,3514.032258064516,14190.935483870968,20417.25806451613,37770.903225806454,42761.0
2026-02-20 04:20:30.428444,19.5237092803591,21.456523062385696,813.238523272483,32.69805653931272,400.0,3636.7741935483873,14186.09677419355,20406.225806451614,37777.032258064515,42761.0
2026-02-20 04:21:00.428413,19.550352023015055,21.45033946958301,813.2127768565931,32.74329639328872,400.0,3809.1290322580644,14182.032258064517,20391.90322580645,37783.1935483871,42761.0
2026-02-20 04:21:30.428424,19.582455710250688,21.47198204439241,813.218611590549,32.77277915449004,400.0,3939.8064516129034,14181.90322580645,20379.870967741936,37789.3870967742,42761.0
2026-02-20 04:22:00.430322,19.623330010072095,21.53690976882059,813.2217671016846,33.025147204298115,400.0,4057.2580645161293,14174.967741935483,20367.8064516129,37795.58064516129,42761.0
2026-02-20 04:22:30.448539,19.667844954609585,21.54618515802462,813.2235127280322,33.23192287977483,400.0,4114.4838709677415,14171.290322580646,20357.225806451614,37801.74193548387,42761.0
2026-02-20 04:23:00.448881,19.700941582602795,21.61265878065348,813.2182065338264,33.2957356165524,400.0,4180.354838709677,14167.09677419355,20349.74193548387,37807.903225806454,42761.0
2026-02-20 04:23:30.430915,19.75406169812965,21.63120955906153,813.2296224664137,33.471165616674156,400.0,4328.967741935484,14160.548387096775,20336.16129032258,37814.06451612903,42761.0
2026-02-20 04:24:00.448391,19.810987958805672,21.689953690687027,813.2087324847098,33.379794472518974,400.0,4401.354838709677,14161.322580645161,20327.935483870966,37820.1935483871,42761.0
2026-02-20 04:24:30.449166,19.86708684058507,21.688407792486355,813.2109331529999,33.536811658181584,400.0,4462.419354838709,14157.41935483871,20321.677419354837,37826.3870967742,42761.0
2026-02-20 04:25:00.444547,19.946849912145897,21.730147043904466,813.2129851359088,33.639705674192875,400.0,4650.032258064516,14147.741935483871,20303.83870967742,37832.58064516129,42761.0
2026-02-20 04:25:30.449091,20.02264143926497,21.764156804319246,813.2325831252385,34.01272701352049,400.0,4841.870967741936,14142.838709677419,20287.322580645163,37838.77419354839,42761.0
2026-02-20 04:26:00.448084,20.075430773434253,21.824446834145405,813.2331648674227,34.1444602444829,400.0,4943.612903225807,14138.41935483871,20275.612903225807,37844.903225806454,42761.0
2026-02-20 04:26:30.449259,20.117463682628905,21.875461474767555,813.2232265821469,34.0599366099868,400.0,5036.290322580645,14139.064516129032,20262.387096774193,37851.06451612903,42761.0
2026-02-20 04:27:00.446534,20.153704670618378,21.900195845978292,813.2297973335106,34.06405431006979,400.0,5059.1612903225805,14136.548387096775,20260.870967741936,37857.22580645161,42761.0
2026-02-20 04:27:30.449154,20.185808572039427,21.95739407940312,813.2256245678192,34.075899274069855,400.0,5117.096774193548,14135.483870967742,20257.8064516129,37863.41935483871,42761.0
2026-02-20 04:28:00.444868,20.220063778546436,21.97903665421252,813.2255373094139,34.214467414007025,400.0,5153.741935483871,14134.225806451614,20252.1935483871,37869.6129032258,42761.0
2026-02-20 04:28:30.428455,20.248692535881645,22.00840872002527,813.1830534477331,34.30035865345199,400.0,5147.451612903225,14130.258064516129,20250.516129032258,37875.77419354839,42761.0
2026-02-20 04:29:00.445731,20.270701933367697,22.037780785838024,813.1810382849569,34.21901491311911,400.0,5233.612903225807,14130.0,20246.645161290322,37881.93548387097,42761.0
2026-02-20 04:29:30.449021,20.28460260827917,22.065606953450104,813.1471048654751,34.180722627194,400.0,5293.774193548387,14127.967741935483,20237.064516129034,37888.096774193546,42761.0
2026-02-20 04:30:00.443659,20.28642293992227,22.093433121062183,813.12583895615,34.2343802963314,400.0,5317.451612903225,14124.322580645161,20234.709677419356,37894.22580645161,42761.0
2026-02-20 04:30:30.448165,20.29370424189725,22.104254408466876,813.1145469301015,34.29218871925963,400.0,5416.451612903225,14120.387096774193,20225.225806451614,37900.41935483871,42761.0
2026-02-20 04:31:00.448819,20.29386972609791,22.12435108507561,813.0967547833857,34.2417010487496,400.0,5415.645161290323,14120.806451612903,20225.09677419355,37906.6129032258,42761.0
2026-02-20 04:31:30.448833,20.292214883697003,22.147539558085676,813.073019430402,34.25083132918925,400.0,5519.1612903225805,14118.677419354839,20214.83870967742,37912.8064516129,42761.0
2026-02-20 04:32:00.444564,20.304460719033454,22.16609033649373,813.050935906204,34.52451910899806,400.0,5591.419354838709,14113.58064516129,20206.83870967742,37918.93548387097,42761.0
2026-02-20 04:32:30.449021,20.311576543342053,22.113529797670907,813.0400408257661,34.60359830365106,400.0,5680.419354838709,14110.774193548386,20198.677419354837,37925.096774193546,42761.0
2026-02-20 04:33:00.447762,20.31472074460978,22.139810067082315,813.026120954122,34.78923189845752,400.0,5752.0,14107.612903225807,20189.387096774193,37931.25806451613,42761.0
2026-02-20 04:33:30.432063,20.315548166082497,22.145993659885,813.0171789020325,34.8786119234092,400.0,5856.806451612903,14105.483870967742,20181.774193548386,37937.41935483871,42761.0
2026-02-20 04:34:00.428355,20.313231386071553,22.212467282513856,812.9899676257224,34.97795288159076,400.0,5769.258064516129,14107.774193548386,20187.548387096773,37943.6129032258,42761.0
2026-02-20 04:34:30.428543,20.318030430679023,22.218650875316545,812.997224121664,35.32954502613172,400.0,5857.322580645161,14099.967741935483,20179.483870967742,37949.8064516129,42761.0
2026-02-20 04:35:00.445724,20.35360956268062,22.263481923136005,812.9880789926269,35.588503119416444,400.0,6060.1612903225805,14092.193548387097,20157.83870967742,37955.967741935485,42761.0
2026-02-20 04:35:30.428996,20.377273829474543,22.278940905142715,812.9753036080957,35.447269337715795,400.0,6175.387096774193,14093.806451612903,20148.387096774193,37962.12903225807,42761.0
